,gentrifying_pct_chg_income_homeval_educ,gentrifying_pct_chg_income_homeval,gentrifying_pct_chg_homeval,key,Average_Word_Length,Average_Wordlength,Proportion_Words_Longer_Than_Five,Average_Readability_Score,Average_Syllables_Per_Word
0,0,0,0,2015_15240,4.378609888,4.378609888,0.231558217,76.548,1.304064968
1,0,0,0,2016_15240,4.196362269,4.196362269,0.194793476,48.44384615,1.297611504
2,1,1,1,2017_15240,4.68192894,4.68192894,0.279002259,51.23071429,1.398639371
3,0,0,0,2015_11433,4.28440367,4.28440367,0.229357798,83.05,1.330275229
4,0,0,0,2016_11433,4.033098815,4.033098815,0.192292793,67.31333333,1.271505733
5,1,1,1,2017_11433,4.350898078,4.350898078,0.239025303,75.83,1.317139823
6,1,1,1,2015_12958,5.019230769,5.019230769,0.288461538,88.02,1.326923077
7,0,0,0,2016_12958,4.459045584,4.459045584,0.273148148,70.94,1.31980057
8,0,0,0,2013_15003,4.267663892,4.267663892,0.212480181,71.2825,1.257490536
9,0,1,1,2014_15003,4.516225964,4.516225964,0.240929699,60.51037037,1.333295023
10,0,0,0,2015_15003,4.415466496,4.415466496,0.22459177,44.92481481,1.304016078
11,0,1,1,2016_15003,4.416656771,4.416656771,0.233114778,65.94338983,1.301435903
12,0,0,0,2017_15003,4.363631227,4.363631227,0.232781222,56.76302083,1.318970176
13,0,0,0,2017_15021,4.422836614,4.422836614,0.274172134,73.02,1.386636988
14,1,1,1,2013_15025,4.324090886,4.324090886,0.218054824,5.556842105,1.300117969
15,0,0,1,2015_15025,4.36985183,4.36985183,0.225099825,72.03526316,1.304731054
16,0,0,1,2013_15034,4.216572461,4.216572461,0.171083948,-64.95,1.25915294
17,0,0,0,2014_15034,4.276333863,4.276333863,0.232843402,63.059,1.28259674
18,0,0,0,2015_15034,4.530591871,4.530591871,0.249975798,61.18555556,1.364646611
19,0,0,1,2016_15034,4.374768365,4.374768365,0.254177587,56.54055556,1.338067937
20,0,0,0,2013_15035,4.528302531,4.528302531,0.23979021,27.575,1.400656843
21,0,0,0,2014_15035,4.347814593,4.347814593,0.239022342,58.004,1.31102585
22,0,0,0,2015_15035,4.360349923,4.360349923,0.222370502,38.42142857,1.326519112
23,0,0,0,2016_15035,4.440107607,4.440107607,0.255756223,62.32888889,1.405096428
24,1,1,1,2017_15035,4.357234274,4.357234274,0.235511153,58.53521739,1.334269674
25,1,1,1,2013_15045,4.547247024,4.547247024,0.196800595,80.345,1.31547619
26,0,0,0,2014_15045,3.949095023,3.949095023,0.171191554,66.1,1.261312217
27,0,0,1,2015_15045,4.255643198,4.255643198,0.202389653,74.31125,1.305633965
28,0,0,0,2016_15045,4.350772255,4.350772255,0.2162519,84.22625,1.265890526
29,0,0,0,2017_15045,4.522421886,4.522421886,0.252193064,72.00833333,1.388432506
30,0,0,1,2017_15056,4.36924655,4.36924655,0.22392704,66.175,1.316117872
31,1,1,1,2013_15063,4.345087433,4.345087433,0.22212119,76.36285714,1.323890984
32,0,0,0,2014_15063,4.264412005,4.264412005,0.21766197,78.51833333,1.268380741
33,0,0,0,2016_15063,4.253263997,4.253263997,0.202505187,49.27571429,1.284238475
34,1,1,1,2013_15067,4.306122449,4.306122449,0.224489796,51.18,1.183673469
35,0,1,1,2014_15067,4.176470588,4.176470588,0.235294118,79.77,1.352941176
36,0,0,1,2015_15067,4.683712121,4.683712121,0.25,86.2,1.284090909
37,0,0,0,2016_15067,4.073825765,4.073825765,0.185403011,-0.824285714,1.21228788
38,0,0,0,2017_15067,4.417863812,4.417863812,0.20753501,81.5975,1.280423719
39,1,1,1,2013_15068,4.27980889,4.27980889,0.203518895,53.05863014,1.284694648
40,0,0,1,2014_15068,4.300230458,4.300230458,0.214881377,63.18409836,1.296780602
41,0,0,0,2015_15068,4.31328342,4.31328342,0.214294753,61.36781915,1.298553471
42,0,0,0,2016_15068,4.34496577,4.34496577,0.22323129,63.91336449,1.306436474
43,0,1,1,2017_15068,4.347637853,4.347637853,0.223866786,63.07116667,1.314037257
44,0,0,0,2013_15084,4.277785843,4.277785843,0.226692734,43.24313433,1.280594324
45,0,0,0,2014_15084,4.252059608,4.252059608,0.2220294,53.73261364,1.28081604
46,0,0,0,2015_15084,4.268380124,4.268380124,0.213818383,65.23961538,1.286164239
47,0,0,1,2016_15084,4.286308364,4.286308364,0.21685264,64.93150442,1.295416186
48,0,0,1,2017_15084,4.270324674,4.270324674,0.220907768,66.06693694,1.294073605
49,0,0,0,2013_15104,4.523901406,4.523901406,0.230615959,80.40875,1.283058666
50,0,0,0,2014_15104,4.332828348,4.332828348,0.220640102,47.82137931,1.297607573
51,1,1,1,2015_15104,4.411877431,4.411877431,0.235005913,42.96864407,1.309940382
52,0,0,1,2016_15104,4.344747601,4.344747601,0.219939997,54.64893939,1.297567611
53,0,0,0,2017_15104,4.399415078,4.399415078,0.235752449,50.66818792,1.323991376
54,0,0,0,2013_15106,4.368089006,4.368089006,0.22526286,49.459,1.305015158
55,0,1,1,2015_15106,4.34756816,4.34756816,0.227958001,59.18823232,1.305049543
56,0,0,0,2013_15110,4.304594603,4.304594603,0.215095854,75.8075,1.305188944
57,0,0,1,2014_15110,4.365898618,4.365898618,0.189631336,42.905,1.385483871
58,0,0,1,2015_15110,4.605085809,4.605085809,0.257078902,74.475,1.32969632
59,0,1,1,2016_15110,4.26015939,4.26015939,0.185969172,86.01,1.252807752
60,0,0,0,2017_15110,3.829071851,3.829071851,0.190626004,18.106,1.299007596
61,0,0,0,2013_15112,4.648239907,4.648239907,0.203608199,54.52,1.277824594
62,0,0,0,2014_15112,4.140285413,4.140285413,0.194277125,-14.7125,1.242150805
63,0,0,1,2015_15112,4.569158877,4.569158877,0.270818534,50.70222222,1.358569891
64,0,0,1,2016_15112,4.365447997,4.365447997,0.210231256,54.595,1.308998589
65,0,0,1,2017_15112,4.205924534,4.205924534,0.232762462,75.8425,1.30203286
66,0,1,1,2013_15120,4.299379786,4.299379786,0.223626614,46.13194737,1.296062169
67,0,0,0,2014_15120,4.313485217,4.313485217,0.227148391,50.42966728,1.296351175
68,1,1,1,2015_15120,4.328670211,4.328670211,0.227776371,58.71221282,1.299689924
69,0,0,0,2016_15120,4.352701393,4.352701393,0.228195792,64.35608952,1.307083137
70,0,0,0,2017_15120,4.355412014,4.355412014,0.229984706,62.26635308,1.306201219
71,0,0,0,2013_15122,4.344917061,4.344917061,0.227815536,45.41769841,1.29656816
72,0,0,0,2014_15122,4.256953527,4.256953527,0.213870065,55.00584337,1.280779267
73,0,0,0,2015_15122,4.266688669,4.266688669,0.213083433,52.41510949,1.286495039
74,0,0,1,2016_15122,4.356605837,4.356605837,0.229478254,59.427851,1.306750475
75,0,0,1,2017_15122,4.319830176,4.319830176,0.222704234,58.98237931,1.308826572
76,0,0,0,2013_15131,4.240025328,4.240025328,0.226170042,47.15148148,1.289939874
77,0,0,0,2014_15131,4.305729669,4.305729669,0.210844285,67.71326087,1.295308978
78,0,0,0,2017_15131,4.32931417,4.32931417,0.221296444,55.98855422,1.311726438
79,1,1,1,2013_15132,4.078500092,4.078500092,0.189474007,41.581,1.245306621
80,0,0,0,2014_15132,4.386761454,4.386761454,0.224480161,48.49923077,1.319439956
81,0,0,0,2015_15132,4.419495673,4.419495673,0.2277455,73.27261538,1.313125303
82,0,1,1,2016_15132,4.451366788,4.451366788,0.22728793,71.29651515,1.318424074
83,0,1,1,2017_15132,4.377775876,4.377775876,0.239628293,53.9946875,1.325343386
84,0,1,1,2014_15133,4.627556403,4.627556403,0.263847449,71.8075,1.361892761
85,0,1,1,2015_15133,4.382675754,4.382675754,0.232006307,79.29,1.279296733
86,0,0,0,2016_15133,4.257018739,4.257018739,0.214185527,61.888,1.297568499
87,0,0,0,2017_15133,4.530664545,4.530664545,0.237906249,61.005,1.375769524
88,0,0,0,2013_15137,4.19016797,4.19016797,0.20996953,28.805,1.284872808
89,0,0,0,2014_15137,4.254456101,4.254456101,0.211276553,60.74767442,1.261526345
90,0,0,0,2015_15137,4.232788933,4.232788933,0.20692301,66.03927536,1.276791297
91,0,0,0,2016_15137,4.294503255,4.294503255,0.217375806,65.08990566,1.288992791
92,0,0,0,2017_15137,4.261820762,4.261820762,0.214739032,40.73861386,1.30411433
93,0,0,0,2013_15140,3.762096003,3.762096003,0.177663033,75.405,1.20037292
94,0,0,0,2015_15140,4.094503273,4.094503273,0.173565653,73.01666667,1.209835066
95,0,0,0,2016_15140,4.132465599,4.132465599,0.195611541,31.3,1.268424348
96,0,1,1,2017_15140,4.57644805,4.57644805,0.249152581,76.99666667,1.360105927
97,0,0,0,2014_15144,4.348987421,4.348987421,0.223117892,59.72576923,1.296861076
98,0,0,0,2015_15144,4.442443514,4.442443514,0.236443515,63.99708333,1.323124455
99,0,0,0,2016_15144,4.350319903,4.350319903,0.207844223,62.53022222,1.274101536
100,0,0,0,2017_15144,4.457694987,4.457694987,0.23502301,69.03952381,1.330208698
101,0,0,1,2013_15145,4.307390459,4.307390459,0.223895278,31.51777778,1.285132382
102,0,0,0,2014_15145,4.300957454,4.300957454,0.237837894,47.48388889,1.315777863
103,1,1,1,2015_15145,4.273688618,4.273688618,0.203068846,66.87235294,1.280173679
104,0,0,0,2016_15145,4.333464055,4.333464055,0.21102027,72.34054545,1.288657274
105,0,1,1,2017_15145,4.287436622,4.287436622,0.212722191,63.93083333,1.304938036
106,0,0,0,2013_15147,4.340652282,4.340652282,0.224214265,50.88022222,1.297379102
107,0,0,0,2014_15147,4.271467677,4.271467677,0.213230494,59.6957971,1.279747857
108,1,1,1,2015_15147,4.455485614,4.455485614,0.237533921,65.11628571,1.331387738
109,0,0,0,2016_15147,4.256216331,4.256216331,0.205596913,53.21096491,1.285246368
110,0,0,0,2017_15147,4.413776266,4.413776266,0.231851776,65.88223881,1.317070321
111,1,1,1,2013_15148,4.28575323,4.28575323,0.216751584,33.34428571,1.276097489
112,0,0,0,2014_15148,4.486611904,4.486611904,0.24460557,23.25166667,1.357405152
113,0,0,1,2015_15148,4.286799761,4.286799761,0.218832995,48.03823529,1.294645224
114,0,0,1,2016_15148,4.377398046,4.377398046,0.217334151,68.252,1.316269693
115,0,0,0,2017_15148,4.234282176,4.234282176,0.21711031,77.08875,1.288613703
116,0,0,0,2013_15204,4.317786681,4.317786681,0.210916514,69.60714286,1.311673683
117,0,0,0,2014_15204,4.352087747,4.352087747,0.248327098,26.828,1.327039255
118,0,0,0,2015_15204,4.49414746,4.49414746,0.245564064,44.42428571,1.375182137
119,0,0,1,2016_15204,4.303029444,4.303029444,0.225304174,38.13333333,1.324148837
120,0,0,1,2017_15204,4.43056523,4.43056523,0.258029452,70.64173913,1.337482898
121,0,0,0,2013_15207,4.327903515,4.327903515,0.223413871,46.6678,1.297214438
122,0,0,0,2014_15207,4.380240217,4.380240217,0.22549361,51.66395522,1.308123081
123,0,0,0,2015_15207,4.294221477,4.294221477,0.215800138,53.43033333,1.286342351
124,1,1,1,2016_15207,4.346683291,4.346683291,0.232471045,57.76509434,1.308498906
125,1,1,1,2017_15207,4.381638816,4.381638816,0.22465449,66.92778481,1.304605882
126,0,0,0,2013_15210,4.289376711,4.289376711,0.225294136,41.08323077,1.287254152
127,0,0,0,2014_15210,4.281772512,4.281772512,0.215448212,49.18509615,1.290325438
128,0,0,1,2015_15210,4.345271265,4.345271265,0.226688392,51.8745977,1.308580749
129,1,1,1,2016_15210,4.377569445,4.377569445,0.230253846,61.82710407,1.314476351
130,0,0,1,2017_15210,4.393588714,4.393588714,0.227867514,63.82850365,1.317052835
131,0,0,0,2013_15212,4.296690063,4.296690063,0.222434541,46.59137715,1.292376348
132,0,0,1,2014_15212,4.327179294,4.327179294,0.228697265,43.42654481,1.303782026
133,1,1,1,2015_15212,4.358342605,4.358342605,0.229796726,56.61699194,1.307224936
134,0,0,1,2016_15212,4.350152064,4.350152064,0.229607682,60.55316872,1.305891865
135,0,0,0,2017_15212,4.37625999,4.37625999,0.233135588,61.8769978,1.315560855
136,0,0,0,2013_15214,4.49579764,4.49579764,0.251258455,70.65,1.332879093
137,0,1,1,2014_15214,4.205582903,4.205582903,0.218683545,8.863333333,1.308557019
138,0,0,1,2015_15214,4.650694332,4.650694332,0.277951764,52.37090909,1.390806038
139,0,1,1,2016_15214,4.429936143,4.429936143,0.249197089,51.61666667,1.349987867
140,0,0,1,2017_15214,4.330052228,4.330052228,0.234439097,71.42409091,1.322236491
141,0,0,0,2013_15221,4.34739302,4.34739302,0.230041632,40.16298507,1.302696695
142,0,0,0,2014_15221,4.373819731,4.373819731,0.235424547,43.25009615,1.314500227
143,0,0,0,2013_15223,4.331596438,4.331596438,0.219071366,61.91333333,1.300879578
144,0,0,0,2014_15223,4.376030701,4.376030701,0.227156878,56.46485714,1.310397144
145,1,1,1,2015_15223,4.373615244,4.373615244,0.225668024,53.64787234,1.316295956
146,0,0,0,2016_15223,4.275308357,4.275308357,0.217550178,69.21067797,1.291214965
147,0,0,0,2017_15223,4.380861208,4.380861208,0.235481044,61.32828283,1.320208098
148,0,0,0,2014_15226,4.297752702,4.297752702,0.215768568,45.43,1.28974759
149,0,0,0,2013_15227,4.347761223,4.347761223,0.214503552,48.47222222,1.296036319
150,0,1,1,2013_15235,4.318350138,4.318350138,0.217329397,44.86634259,1.298251316
151,0,0,1,2014_15235,4.329979751,4.329979751,0.219605905,56.09404167,1.297581318
152,0,0,1,2014_15637,4.102820848,4.102820848,0.23359761,7.84,1.272428493
153,1,1,1,2015_16502,4.190747648,4.190747648,0.186678817,92.22,1.208654743
154,1,1,1,2016_16502,4.062569522,4.062569522,0.188000641,88.756,1.233207771
155,1,1,1,2017_16502,4.095238095,4.095238095,0.206349206,92.53,1.19047619
156,0,1,1,2014_22827,4.25862069,4.25862069,0.206896552,93.54,1.206896552
157,0,0,0,2015_22827,3.802083333,3.802083333,0.114583333,44.11,1.135416667
158,0,0,0,2014_23231,4.434420456,4.434420456,0.252386056,69.18,1.336860103
159,0,0,0,2015_23231,4.077153204,4.077153204,0.181749186,70.61333333,1.235099806
160,0,0,1,2017_27262,4.418174603,4.418174603,0.203650794,91.16333333,1.252698413
161,0,0,1,2014_28012,4.342935981,4.342935981,0.226620331,65.18578947,1.300111246
162,0,0,0,2015_28012,4.326085581,4.326085581,0.223505554,66.23096774,1.296302803
163,0,0,0,2015_28016,4.01853586,4.01853586,0.208775159,43.426,1.262975343
164,0,0,0,2016_28016,4.224233218,4.224233218,0.21756471,49.50666667,1.327857657
165,0,0,0,2013_28025,4.326525661,4.326525661,0.230777757,51.98006289,1.312701275
166,0,0,1,2014_28025,4.345809339,4.345809339,0.223700529,58.71531746,1.297697794
167,0,0,1,2015_28025,4.338555999,4.338555999,0.222334242,66.67752232,1.304864092
168,0,0,0,2016_28025,4.378863488,4.378863488,0.231761138,64.80488136,1.313661062
169,0,0,0,2017_28025,4.361935069,4.361935069,0.229327711,64.25058471,1.315240833
170,0,0,1,2013_28033,4.8125,4.8125,0.3125,80.62,1.333333333
171,0,0,0,2016_28033,4.331632653,4.331632653,0.25,73.47,1.367346939
172,0,0,0,2013_28034,4.471433047,4.471433047,0.231182022,73.31111111,1.253296775
173,1,1,1,2014_28034,4.402825622,4.402825622,0.247824679,69.72047619,1.30417409
174,0,0,1,2015_28034,4.318491923,4.318491923,0.223701385,69.792,1.282536482
175,0,0,1,2016_28034,4.377232479,4.377232479,0.235079351,64.85666667,1.321774104
176,0,1,1,2017_28034,4.344345421,4.344345421,0.223946644,67.90822581,1.301209826
177,0,0,0,2013_28052,4.305540412,4.305540412,0.215431745,42.60147541,1.304163782
178,0,0,0,2014_28052,4.380280348,4.380280348,0.232926648,62.82339806,1.321569156
179,0,1,1,2015_28052,4.365744502,4.365744502,0.219791927,63.63540146,1.300594895
180,0,0,0,2016_28052,4.379446321,4.379446321,0.231695051,63.11802158,1.320506157
181,0,0,0,2017_28052,4.435028236,4.435028236,0.23806213,66.36395137,1.321090132
182,0,0,0,2013_28054,4.339002813,4.339002813,0.224708088,51.07640625,1.30299035
183,0,0,0,2014_28054,4.324616252,4.324616252,0.221734046,63.6766756,1.295964922
184,0,0,1,2015_28054,4.353064664,4.353064664,0.225269553,61.88047525,1.30496552
185,0,0,1,2016_28054,4.308501001,4.308501001,0.218048747,68.24238311,1.299804669
186,0,0,1,2017_28054,4.330881157,4.330881157,0.22093371,68.17572185,1.302344879
187,1,1,1,2013_28081,4.440004553,4.440004553,0.24899812,61.6248,1.318490266
188,1,1,1,2014_28081,4.526614961,4.526614961,0.247637178,69.71269231,1.329817643
189,0,1,1,2015_28081,4.42444413,4.42444413,0.224210858,68.76698413,1.30984526
190,0,0,0,2016_28081,4.37426238,4.37426238,0.229100805,63.80283582,1.325068749
191,0,0,0,2017_28081,4.294478034,4.294478034,0.216104771,64.40263889,1.292973363
192,0,0,1,2013_28083,4.379531109,4.379531109,0.226148802,30.06052632,1.319716248
193,0,0,0,2014_28083,4.270733191,4.270733191,0.211911846,66.38530612,1.289533549
194,0,0,0,2015_28083,4.347421194,4.347421194,0.212387136,60.72981308,1.298570877
195,0,0,0,2016_28083,4.335280815,4.335280815,0.214146688,60.25292683,1.310002747
196,1,1,1,2017_28083,4.430623293,4.430623293,0.232077007,70.10680851,1.320218501
197,0,0,0,2013_28098,4.474519304,4.474519304,0.231951953,61.19933333,1.326728502
198,0,0,1,2014_28098,4.566581555,4.566581555,0.255195431,60.49307692,1.365939011
199,0,1,1,2015_28098,4.310682523,4.310682523,0.232356108,55.07578947,1.296450603
200,0,0,0,2016_28098,4.385032252,4.385032252,0.223052539,56.536,1.307734548
201,0,0,0,2017_28098,4.467877753,4.467877753,0.239710556,76.205625,1.316951335
202,0,0,0,2013_28112,4.381550892,4.381550892,0.288239255,63.885,1.378015935
203,1,1,1,2015_28112,4.339402619,4.339402619,0.229644026,35.885,1.330912439
204,0,0,0,2016_28112,4.238896187,4.238896187,0.249698744,33.702,1.327950302
205,0,0,0,2017_28112,4.367359954,4.367359954,0.199176315,76.358,1.311037027
206,1,1,1,2013_28120,4.334375521,4.334375521,0.234493332,52.1216129,1.300399377
207,0,0,1,2014_28120,4.362177788,4.362177788,0.217545076,52.54571429,1.321081558
208,0,1,1,2015_28120,4.286752564,4.286752564,0.207650768,57.22922078,1.296582418
209,0,0,0,2016_28120,4.376743774,4.376743774,0.214561397,65.92488189,1.314148624
210,0,0,0,2017_28120,4.311175745,4.311175745,0.2148132,67.24851351,1.296797143
211,1,1,1,2013_28127,4.381049394,4.381049394,0.241916633,66.155,1.353841504
212,0,1,1,2014_28127,4.078571429,4.078571429,0.201587302,56.36,1.261904762
213,0,0,0,2015_28127,4.31730863,4.31730863,0.223035091,76.28375,1.296808918
214,0,0,0,2016_28127,4.380002072,4.380002072,0.237365311,71.925,1.341877588
215,0,0,1,2017_28127,4.471864048,4.471864048,0.256427318,60.056,1.304804007
216,0,0,1,2013_28164,4.349566226,4.349566226,0.221137958,59.51333333,1.302402218
217,0,0,0,2016_28164,4.294116711,4.294116711,0.209520983,68.139375,1.281700627
218,0,0,0,2017_28164,4.27845909,4.27845909,0.2130993,75.78609756,1.259764121
219,0,0,0,2013_28205,4.295147675,4.295147675,0.220403402,49.26800513,1.283032375
220,1,1,1,2014_28205,4.345179224,4.345179224,0.225214412,59.94969697,1.294649058
221,1,1,1,2015_28205,4.37680436,4.37680436,0.228126571,65.10516606,1.303001979
222,1,1,1,2016_28205,4.380655245,4.380655245,0.22818719,67.24759458,1.304675692
223,0,0,0,2013_28206,4.311622042,4.311622042,0.217520025,48.60993031,1.288222878
224,1,1,1,2014_28206,4.320788942,4.320788942,0.218632,59.2018931,1.29318528
225,0,0,0,2015_28206,4.347774604,4.347774604,0.230145182,57.65708333,1.310415545
226,0,0,0,2016_28206,4.352793282,4.352793282,0.228205133,62.87971168,1.306333314
227,0,0,1,2017_28206,4.377822548,4.377822548,0.234424709,64.78808376,1.322606016
228,0,0,1,2013_28208,4.321844685,4.321844685,0.232696548,51.21105473,1.292845602
229,1,1,1,2014_28208,4.348195723,4.348195723,0.237746026,57.32311994,1.30488224
230,0,0,1,2015_28208,4.343135076,4.343135076,0.236620787,63.51637666,1.3029688
231,0,0,1,2016_28208,4.351360772,4.351360772,0.233640414,64.67698413,1.306596933
232,0,1,1,2017_28208,4.372881609,4.372881609,0.233636991,64.30991886,1.306970424
233,0,0,0,2013_28212,4.313129431,4.313129431,0.228951546,43.87977612,1.303999313
234,0,0,0,2014_28212,4.332315811,4.332315811,0.22244926,60.32313609,1.3068788
235,0,0,0,2015_28212,4.338060597,4.338060597,0.228349699,59.50540541,1.31720119
236,0,1,1,2016_28212,4.34544308,4.34544308,0.226349196,62.56102632,1.311659856
237,0,0,1,2017_28212,4.329929634,4.329929634,0.22457624,63.17725322,1.314275252
238,1,1,1,2013_28213,4.353117582,4.353117582,0.223313508,54.545825,1.297508429
239,0,0,1,2014_28213,4.317691676,4.317691676,0.220831047,63.08891258,1.304083946
240,0,0,1,2015_28213,4.323325712,4.323325712,0.219736913,65.38697387,1.301980244
241,0,0,1,2016_28213,4.348104454,4.348104454,0.221089192,68.23169598,1.309121433
242,0,0,1,2017_28213,4.343112304,4.343112304,0.224492566,69.07483908,1.306457156
243,0,0,1,2017_28214,4.293641338,4.293641338,0.221860592,64.71107551,1.300247947
244,1,1,1,2013_28215,4.323149774,4.323149774,0.21414551,50.27195652,1.295849337
245,1,1,1,2014_28215,4.299848627,4.299848627,0.214839967,62.73314815,1.297468924
246,0,0,1,2015_28215,4.307154085,4.307154085,0.216032742,62.73763636,1.295384683
247,1,1,1,2016_28215,4.338693475,4.338693475,0.218785619,69.54438944,1.303075192
248,0,0,1,2017_28215,4.377009719,4.377009719,0.222054133,69.52435013,1.311978715
249,0,0,0,2013_28216,4.265938475,4.265938475,0.214168238,51.7226817,1.283995569
250,0,0,1,2014_28216,4.459888718,4.459888718,0.227618836,56.79329091,1.318827773
251,0,0,1,2015_28216,4.318395967,4.318395967,0.226614052,61.88216279,1.306651373
252,0,0,0,2016_28216,4.329960255,4.329960255,0.225430527,66.79398942,1.307411232
253,0,0,1,2017_28216,4.340217429,4.340217429,0.227736401,66.71370342,1.314137132
254,1,1,1,2013_28217,4.286683903,4.286683903,0.218699644,46.00365657,1.285845097
255,1,1,1,2014_28217,4.314417205,4.314417205,0.221066291,56.85909415,1.29591454
256,0,0,1,2015_28217,4.320895364,4.320895364,0.220801696,62.29324234,1.299933289
257,0,0,0,2016_28217,4.360023028,4.360023028,0.226202431,66.35699513,1.30475309
258,0,0,1,2017_28217,4.362744707,4.362744707,0.225758676,66.3717934,1.31020087
259,0,0,0,2013_28227,4.320728457,4.320728457,0.220359185,48.99920792,1.304368497
260,0,0,0,2015_28227,4.329695462,4.329695462,0.224334928,63.15799492,1.311912333
261,0,0,1,2016_28227,4.354564714,4.354564714,0.224817895,64.8339337,1.316189959
262,0,0,1,2017_28227,4.341734844,4.341734844,0.224361095,66.05764757,1.313277648
263,0,0,0,2016_28501,4.367816092,4.367816092,0.344827586,-8.72,1.436781609
264,0,0,0,2017_28501,4.768639887,4.768639887,0.314376321,-41.53,1.479704017
265,0,1,1,2017_28658,4.537256595,4.537256595,0.298402378,48.40666667,1.443716233
266,0,1,1,2015_29204,4.121506708,4.121506708,0.179586298,63.5075,1.255279512
267,0,0,0,2016_29204,4.210448356,4.210448356,0.200756201,16.84071429,1.290549185
268,0,0,0,2017_29204,4.279652874,4.279652874,0.218614999,54.0516,1.312135342
269,0,0,0,2014_29432,4.234360885,4.234360885,0.210351739,64.82666667,1.318131775
270,0,0,0,2015_29432,4.560726311,4.560726311,0.220899471,79.61333333,1.342592593
271,0,0,0,2016_29432,4.12203208,4.12203208,0.190744213,53.99,1.25480314
272,1,1,1,2017_29432,4.307894737,4.307894737,0.142631579,89.41,1.235263158
273,1,1,1,2013_29720,4.419117647,4.419117647,0.272058824,68.3,1.319852941
274,0,1,1,2015_29720,4.133707763,4.133707763,0.221600688,71.28,1.246059426
275,0,0,1,2016_29720,4.444458605,4.444458605,0.250582599,55.088,1.308263962
276,1,1,1,2013_29730,4.281743106,4.281743106,0.209779251,66.38056604,1.279980992
277,0,0,0,2014_29730,4.235526379,4.235526379,0.211150335,61.93825,1.277296035
278,1,1,1,2015_29730,4.331832627,4.331832627,0.217986943,62.52626582,1.295741282
279,0,0,0,2016_29730,4.432344791,4.432344791,0.23243966,66.99911315,1.324174166
280,1,1,1,2017_29730,4.353329958,4.353329958,0.2219176,67.07477723,1.30336566
281,0,0,0,2013_29745,4.141963988,4.141963988,0.187791286,6.904,1.222847493
282,0,0,1,2014_29745,4.477563151,4.477563151,0.269285274,46.903,1.351832439
283,0,0,1,2015_29745,4.356990289,4.356990289,0.219918437,45.68666667,1.31637204
284,0,0,1,2016_29745,4.097954034,4.097954034,0.178846455,63.20428571,1.247434394
285,0,0,1,2017_29745,4.36111737,4.36111737,0.189145405,83.22166667,1.275848529
286,0,0,1,2014_34667,4.580645161,4.580645161,0.258064516,86.4,1.322580645
287,0,0,0,2015_34667,4.09628692,4.09628692,0.211628581,59.155,1.272533975
288,0,0,0,2016_34667,4.103411893,4.103411893,0.215620521,67.4225,1.273910192
289,0,0,1,2017_34667,4.133333333,4.133333333,0.233333333,68.44,1.233333333
290,0,0,0,2013_44035,4.291475253,4.291475253,0.214853403,71.40797203,1.279883255
291,0,0,0,2014_44035,4.358976644,4.358976644,0.218578075,66.36004405,1.307651349
292,0,0,0,2015_44035,4.344963798,4.344963798,0.220507975,69.90592375,1.300805597
293,0,0,1,2016_44035,4.334432908,4.334432908,0.222332577,68.398,1.300616964
294,0,0,1,2017_44035,4.353274165,4.353274165,0.228225893,69.11372642,1.313961869
295,0,0,0,2013_44052,4.615880009,4.615880009,0.264108179,59.8585,1.376186094
296,0,0,0,2014_44052,4.317996697,4.317996697,0.217928995,49.50395833,1.304614617
297,0,0,0,2015_44052,4.340380083,4.340380083,0.215859791,68.79409091,1.296359039
298,0,0,1,2016_44052,4.340625093,4.340625093,0.220060828,66.46681159,1.297086791
299,0,0,0,2017_44052,4.38728581,4.38728581,0.21666122,73.14792453,1.304903488
300,0,0,0,2013_44053,4.315869656,4.315869656,0.218544758,59.11210526,1.309173177
301,0,0,0,2014_44053,4.398299303,4.398299303,0.234004407,58.44473684,1.321501597
302,0,0,0,2015_44053,4.392014648,4.392014648,0.224752004,71.03714286,1.306107647
303,0,1,1,2016_44053,4.396788525,4.396788525,0.233387158,62.62082474,1.323562492
304,0,0,1,2017_44053,4.419643679,4.419643679,0.233059402,63.64148148,1.326781476
305,0,0,1,2013_44055,4.197565195,4.197565195,0.195319086,72.204,1.289058422
306,0,1,1,2014_44055,4.019270182,4.019270182,0.186948537,48.11909091,1.271218423
307,0,0,0,2015_44055,4.450197742,4.450197742,0.220982418,76.76625,1.276093234
308,0,0,0,2016_44055,4.356288538,4.356288538,0.197082574,80.39,1.298146976
309,0,0,0,2017_44055,4.632301877,4.632301877,0.243027943,51.629375,1.389618044
310,1,1,1,2013_44092,4.292094525,4.292094525,0.219795842,60.21555556,1.295626326
311,0,0,0,2013_44102,4.3538604,4.3538604,0.220906638,55.83975689,1.290214613
312,0,1,1,2014_44102,4.331545026,4.331545026,0.218771793,59.5372418,1.291121988
313,0,1,1,2015_44102,4.376876704,4.376876704,0.226080657,66.19413923,1.299064991
314,0,0,0,2016_44102,4.40243621,4.40243621,0.232417602,66.98034847,1.312877425
315,0,0,0,2017_44102,4.399356016,4.399356016,0.234650406,67.73489487,1.315509341
316,0,0,1,2013_44103,4.329011341,4.329011341,0.230400528,47.18639175,1.290224575
317,0,0,1,2014_44103,4.855557194,4.855557194,0.215565967,53.56770992,1.276856649
318,0,0,1,2015_44103,4.294477345,4.294477345,0.223017212,64.52267045,1.289044038
319,0,1,1,2016_44103,4.317670161,4.317670161,0.218125942,64.46259259,1.291869099
320,0,0,1,2017_44103,4.406201965,4.406201965,0.229544147,67.48369565,1.309604524
321,0,0,0,2013_44104,4.308183195,4.308183195,0.186169084,86.782,1.244195825
322,0,1,1,2014_44104,4.264344444,4.264344444,0.231406246,79.76,1.235600523
323,0,0,1,2015_44104,4.292655885,4.292655885,0.209471096,87.35666667,1.21335047
324,1,1,1,2016_44104,4.263250901,4.263250901,0.221881566,73.94,1.284822498
325,0,0,1,2017_44104,4.460178715,4.460178715,0.244349368,50.86,1.327649158
326,0,0,0,2013_44105,4.404378683,4.404378683,0.239913785,52.73705882,1.295200815
327,0,0,1,2014_44105,4.309436519,4.309436519,0.232391019,52.15416667,1.291009919
328,0,0,1,2015_44105,4.342155062,4.342155062,0.226082543,57.8165,1.307437152
329,0,0,0,2016_44105,4.367442583,4.367442583,0.234003954,68.6655102,1.304727523
330,0,0,0,2017_44105,4.398298568,4.398298568,0.231892573,59.2409375,1.309464397
331,0,1,1,2013_44106,4.400686296,4.400686296,0.239697039,51.86841053,1.321184596
332,1,1,1,2014_44106,4.421956405,4.421956405,0.240594777,59.37706116,1.326038372
333,0,0,0,2015_44106,4.42999447,4.42999447,0.241676752,58.27733993,1.327290438
334,0,0,0,2016_44106,4.473100691,4.473100691,0.246586942,63.43846793,1.338533241
335,0,0,0,2017_44106,4.475214786,4.475214786,0.245194209,64.84554384,1.338294219
336,0,0,1,2013_44109,4.292715988,4.292715988,0.219746582,50.37251724,1.289965014
337,0,0,0,2014_44109,4.277485678,4.277485678,0.216423281,58.36470443,1.281458376
338,0,0,0,2015_44109,4.342922922,4.342922922,0.220262619,63.11205184,1.290535228
339,0,0,0,2016_44109,4.370726546,4.370726546,0.226214805,63.40867754,1.30169491
340,0,1,1,2017_44109,4.352753844,4.352753844,0.225291953,66.21507853,1.304451472
341,0,0,0,2013_44110,4.482721518,4.482721518,0.250870202,36.15969697,1.318146027
342,0,0,0,2014_44110,4.465052695,4.465052695,0.24197967,53.02971831,1.31766739
343,0,0,1,2015_44110,4.413711005,4.413711005,0.230758135,56.54590164,1.304652571
344,0,0,1,2016_44110,4.374504692,4.374504692,0.224996429,58.75477778,1.311675739
345,0,0,0,2017_44110,4.387509055,4.387509055,0.226080028,67.98022901,1.314425776
346,0,0,1,2013_44111,4.381848347,4.381848347,0.229037075,53.83196319,1.297249518
347,0,0,1,2014_44111,4.312908137,4.312908137,0.219316533,48.67297297,1.294364045
348,0,0,0,2015_44111,4.311354195,4.311354195,0.220436326,65.7036772,1.295462541
349,0,0,0,2016_44111,4.352105552,4.352105552,0.227131128,67.60174342,1.303011384
350,0,0,0,2017_44111,4.395933495,4.395933495,0.233347061,67.57065185,1.314407898
351,0,0,1,2013_44112,4.321148641,4.321148641,0.21269435,44.13333333,1.344765644
352,1,1,1,2014_44112,4.275203982,4.275203982,0.216905126,39.164375,1.297258672
353,0,0,0,2015_44112,4.437971093,4.437971093,0.234992149,36.33818182,1.364948805
354,0,0,1,2016_44112,4.281865541,4.281865541,0.210330229,62.54222222,1.281941494
355,0,1,1,2017_44112,4.273539453,4.273539453,0.211329872,55.72206897,1.292848045
356,0,0,1,2013_44117,4.599094216,4.599094216,0.230570942,36.32285714,1.378184939
357,0,0,1,2014_44117,4.400463834,4.400463834,0.244368003,79.71285714,1.293182669
358,1,1,1,2015_44117,4.272368133,4.272368133,0.206861278,74.22058824,1.289995632
359,0,0,0,2016_44117,4.305861278,4.305861278,0.219145253,72.95148148,1.272411789
360,0,0,0,2017_44117,4.289317628,4.289317628,0.220147719,75.68166667,1.29850246
361,0,1,1,2013_44119,4.380569835,4.380569835,0.221956029,57.82784314,1.303435506
362,0,0,1,2014_44119,4.395269597,4.395269597,0.226654082,54.51414634,1.297856728
363,0,0,0,2015_44119,4.375948185,4.375948185,0.230179981,64.67572464,1.305574873
364,0,0,1,2016_44119,4.401029741,4.401029741,0.224877263,64.56302521,1.299360452
365,0,0,0,2017_44119,4.421243588,4.421243588,0.230170364,68.01089005,1.314710295
366,0,0,1,2013_44120,4.437034516,4.437034516,0.247208271,49.90004808,1.333036166
367,0,0,1,2014_44120,4.722313798,4.722313798,0.244649261,56.51219048,1.328303168
368,0,1,1,2015_44120,4.415403041,4.415403041,0.240527414,58.69587413,1.32310848
369,1,1,1,2016_44120,4.399297701,4.399297701,0.238817092,63.30498645,1.321267359
370,1,1,1,2017_44120,4.492051958,4.492051958,0.250466568,64.72765625,1.34884155
371,0,0,1,2013_44123,4.387725319,4.387725319,0.227643929,43.64046512,1.31520873
372,0,0,0,2014_44123,4.405121498,4.405121498,0.23026869,62.58454545,1.31721402
373,0,0,0,2015_44123,4.387645407,4.387645407,0.228034007,61.11647541,1.30726937
374,0,0,0,2016_44123,4.401071552,4.401071552,0.223956904,65.66528302,1.319798915
375,0,0,0,2017_44123,4.333624142,4.333624142,0.223740065,69.18946237,1.310625748
376,0,0,0,2013_44125,4.364696781,4.364696781,0.228285398,56.43225434,1.299452839
377,0,0,0,2014_44125,4.337795939,4.337795939,0.223392924,59.80208333,1.298454106
378,0,0,0,2015_44125,4.401606883,4.401606883,0.234031706,62.74837121,1.317840129
379,0,1,1,2016_44125,4.400626728,4.400626728,0.236030834,64.83486014,1.319659346
380,0,0,0,2017_44125,4.352290409,4.352290409,0.224673107,62.92018349,1.306319405
381,0,0,1,2013_44127,3.773551578,3.773551578,0.095266133,76.675,1.176990108
382,0,0,0,2014_44127,3.946455939,3.946455939,0.151746242,53.69333333,1.219223401
383,1,1,1,2015_44127,4.312335535,4.312335535,0.216334112,78.79285714,1.305534736
384,0,0,1,2016_44127,4.43112156,4.43112156,0.176792795,83.7275,1.301410156
385,0,0,1,2017_44127,4.42845833,4.42845833,0.240896059,65.41153846,1.301457132
386,0,0,0,2013_44128,4.356295579,4.356295579,0.241173086,34.33602151,1.34399566
387,0,0,0,2014_44128,4.266937077,4.266937077,0.227159829,56.09889831,1.29623203
388,0,0,0,2015_44128,4.328425588,4.328425588,0.22750968,58.72393617,1.31371157
389,0,0,1,2016_44128,4.402856426,4.402856426,0.238521213,59.42591216,1.325156773
390,0,0,1,2017_44128,4.336957052,4.336957052,0.229033722,56.48132686,1.318790144
391,0,0,1,2014_44129,4.338785992,4.338785992,0.228264165,58.69028634,1.298483285
392,0,0,0,2015_44130,4.334173347,4.334173347,0.222118306,63.23549642,1.299976517
393,0,0,1,2013_44132,4.309626891,4.309626891,0.215714601,25.7975,1.275331052
394,1,1,1,2014_44132,4.334129268,4.334129268,0.219259051,64.2996875,1.278924482
395,0,0,0,2015_44132,4.347686585,4.347686585,0.225463506,51.98064516,1.300372144
396,0,0,0,2016_44132,4.319052434,4.319052434,0.225706272,60.97475,1.309205253
397,0,0,0,2017_44132,4.520211862,4.520211862,0.241042681,60.53925,1.346303226
398,0,0,0,2016_44134,4.322491324,4.322491324,0.217498113,67.0613442,1.298346915
399,0,0,0,2017_44134,4.365953408,4.365953408,0.226544593,62.31688235,1.314830487
400,1,1,1,2013_44135,4.308201261,4.308201261,0.232190055,53.48937158,1.293296607
401,0,0,1,2014_44135,4.376626413,4.376626413,0.239025028,60.25750515,1.311839066
402,0,0,1,2015_44135,4.357279349,4.357279349,0.236053357,63.64661046,1.31427832
403,0,0,0,2016_44135,4.3797116,4.3797116,0.239921997,61.26718056,1.316425108
404,0,0,0,2017_44135,4.314496774,4.314496774,0.231426908,62.92516595,1.307587793
405,0,0,1,2013_44137,4.354170566,4.354170566,0.229322018,67.234,1.309308218
406,0,0,0,2014_44137,4.253449447,4.253449447,0.219227984,58.96114286,1.286993282
407,0,0,0,2015_44137,4.279718408,4.279718408,0.206709982,66.59418605,1.293681931
408,0,0,0,2016_44137,4.292886408,4.292886408,0.216978286,33.744375,1.310925839
409,0,1,1,2017_44137,4.27885373,4.27885373,0.21296518,48.765,1.296110368
410,0,0,1,2014_44142,4.216873533,4.216873533,0.217065584,44.92814159,1.294505189
411,0,0,0,2015_44142,4.29748776,4.29748776,0.223809194,54.09267606,1.295751467
412,0,0,0,2016_44142,4.413210302,4.413210302,0.233697334,61.33870056,1.319855536
413,0,0,0,2017_44142,4.348798419,4.348798419,0.229071811,62.75683962,1.308810228
414,1,1,1,2013_44144,4.318538546,4.318538546,0.219602764,42.52836879,1.296462436
415,0,0,1,2014_44144,4.30871323,4.30871323,0.217034324,64.52327068,1.283981938
416,1,1,1,2015_44144,4.336690954,4.336690954,0.21945593,62.79234667,1.29279974
417,0,0,0,2016_44144,4.33809606,4.33809606,0.21955903,63.85853012,1.297928629
418,0,0,0,2017_44144,4.31740211,4.31740211,0.213429242,66.790125,1.2946683
419,0,0,1,2013_44146,4.286213621,4.286213621,0.216076647,58.8919084,1.289997954
420,0,0,1,2014_44146,4.33689823,4.33689823,0.224698716,59.76480447,1.307470637
421,0,0,0,2015_44146,4.342587478,4.342587478,0.227213024,61.45887387,1.310634025
422,0,1,1,2016_44146,4.311761253,4.311761253,0.222740885,53.85775801,1.305933642
423,0,0,1,2017_44146,4.33062811,4.33062811,0.221917711,59.91983193,1.309692212
424,0,0,0,2013_44203,4.428922859,4.428922859,0.23012314,63.01333333,1.313670586
425,0,0,0,2014_44203,4.400104041,4.400104041,0.237564217,23.76590909,1.320184813
426,0,0,1,2015_44203,4.365693351,4.365693351,0.231728008,51.90709677,1.305333892
427,1,1,1,2016_44203,4.282991477,4.282991477,0.221243459,56.36542857,1.289901123
428,0,0,1,2017_44203,4.472677451,4.472677451,0.231429067,66.39565217,1.319022818
429,0,0,1,2013_44266,4.446992326,4.446992326,0.238697326,58.23333333,1.364754104
430,0,0,1,2014_44266,4.528594986,4.528594986,0.253023482,38.105,1.313802774
431,0,0,0,2015_44266,4.168064327,4.168064327,0.195869557,73.11555556,1.267886988
432,0,0,0,2016_44266,4.364614039,4.364614039,0.230343161,53.78176471,1.319158888
433,0,0,0,2017_44266,4.451401635,4.451401635,0.240535822,76.4085,1.325657955
434,0,0,0,2013_44310,4.388280548,4.388280548,0.22462816,54.90307143,1.300580872
435,0,0,0,2014_44310,4.261076813,4.261076813,0.210468289,60.85048913,1.276513112
436,0,0,0,2015_44310,4.344996361,4.344996361,0.221872609,65.44463259,1.301938169
437,0,0,0,2016_44310,4.458315475,4.458315475,0.227202427,66.01285714,1.315787815
438,0,0,0,2017_44310,4.362313057,4.362313057,0.224305588,68.80793919,1.309947642
439,0,0,1,2013_44312,5.260869565,5.260869565,0.245819398,70.735,1.573578595
440,0,0,0,2017_44312,3.590909091,3.590909091,0.090909091,94.15,1.181818182
441,0,0,1,2014_44314,4.633986928,4.633986928,0.284313725,81.31,1.315359477
442,0,0,0,2015_44314,4.229508197,4.229508197,0.196721311,86.5,1.295081967
443,0,0,0,2016_44314,4.142857143,4.142857143,0.174603175,84.27,1.285714286
444,0,0,0,2017_44314,4.225857633,4.225857633,0.203001309,72.92625,1.258795775
445,1,1,1,2013_44320,4.395282007,4.395282007,0.225754761,60.055,1.305888565
446,0,0,0,2014_44320,4.423211404,4.423211404,0.238741712,62.21657143,1.314368373
447,0,0,0,2015_44320,4.369891488,4.369891488,0.230819812,60.07298507,1.319134557
448,0,0,0,2016_44320,4.425905348,4.425905348,0.236082973,66.17662338,1.333716918
449,0,0,0,2017_44320,4.471186671,4.471186671,0.237888768,65.2184375,1.326775478
450,0,1,1,2014_45612,3.870967742,3.870967742,0.225806452,66.41,1.258064516
451,0,0,1,2015_45612,4.205140025,4.205140025,0.223444118,67.27333333,1.296757856
452,0,1,1,2013_53703,4.385230697,4.385230697,0.236679594,49.96367352,1.304914984
453,0,0,0,2015_53703,4.416517611,4.416517611,0.238933623,61.58811415,1.313942054
454,0,0,0,2016_53703,4.428491465,4.428491465,0.239613787,63.08406645,1.318565404
455,0,0,0,2017_53703,4.432965415,4.432965415,0.24030626,65.01151784,1.320651272
456,0,1,1,2013_53713,4.32591124,4.32591124,0.226702373,44.57297688,1.295721794
457,1,1,1,2014_53713,4.369731624,4.369731624,0.237151381,46.27459596,1.313096332
458,0,0,1,2015_53713,4.370431851,4.370431851,0.233612349,53.30484791,1.314011476
459,0,0,0,2016_53713,4.343066863,4.343066863,0.23030421,58.0565,1.31161714
460,0,0,0,2017_53713,4.397525323,4.397525323,0.237110458,55.51046774,1.318998196
461,0,0,1,2013_53714,4.422129488,4.422129488,0.235550962,48.01517857,1.318982674
462,0,0,0,2014_53714,4.340112071,4.340112071,0.230821093,56.78508571,1.311643872
463,0,0,0,2015_53714,4.372164385,4.372164385,0.23365972,57.36803279,1.314092881
464,0,0,1,2016_53714,4.345673193,4.345673193,0.221171726,63.1815625,1.295336297
465,1,1,1,2017_53714,4.393580505,4.393580505,0.232264099,64.56962121,1.320730326
466,0,0,0,2016_60435,4.388888889,4.388888889,0.166666667,96.18,1.166666667
467,0,0,0,2017_60435,4.037359736,4.037359736,0.214059406,78.485,1.2869967
468,0,0,0,2013_61801,4.368898843,4.368898843,0.226533138,57.39826401,1.3040658
469,0,0,0,2014_61801,4.373184835,4.373184835,0.227317253,65.33174432,1.308923988
470,1,1,1,2015_61801,4.458030248,4.458030248,0.2293959,63.89720745,1.312246733
471,0,1,1,2016_61801,4.420042595,4.420042595,0.236239817,68.99865017,1.316653908
472,1,1,1,2017_61801,4.43153696,4.43153696,0.237463495,67.36125874,1.328519573
473,0,0,0,2013_61802,4.321092804,4.321092804,0.225840796,34.87641892,1.30455279
474,0,0,0,2014_61802,4.310136333,4.310136333,0.225456845,59.93816327,1.307248004
475,0,0,1,2016_61802,4.344265501,4.344265501,0.228055467,60.65221477,1.31323733
476,0,0,0,2013_61820,4.35928471,4.35928471,0.228190949,54.77897024,1.304804367
477,0,0,1,2014_61820,4.371699339,4.371699339,0.2294372,65.66945146,1.307891092
478,0,1,1,2015_61820,4.419811957,4.419811957,0.227888673,66.40337992,1.308511935
479,0,1,1,2016_61820,4.459177568,4.459177568,0.234530707,67.49245353,1.319667241
480,0,0,1,2017_61820,4.512406987,4.512406987,0.234529242,67.75252996,1.32319382
481,0,0,0,2013_61866,4.428972427,4.428972427,0.236849085,69.7405,1.299352691
482,0,0,0,2014_61866,4.457587114,4.457587114,0.237146939,74.53020408,1.300338046
483,1,1,1,2015_61866,4.307247015,4.307247015,0.213213945,63.01649123,1.293506748
484,0,1,1,2016_61866,4.361170087,4.361170087,0.221837354,72.4702439,1.305309861
485,0,1,1,2017_61866,4.336671863,4.336671863,0.220334051,70.34244444,1.294623765
486,0,0,1,2013_85007,4.293351139,4.293351139,0.217716308,49.7512357,1.292754602
487,0,0,1,2014_85007,4.338862,4.338862,0.221733188,57.51135303,1.300437209
488,0,0,0,2015_85007,4.366879628,4.366879628,0.22525681,60.96412863,1.309651318
489,0,0,0,2016_85007,4.383783959,4.383783959,0.229237,62.51762743,1.318080209
490,1,1,1,2017_85007,4.441261821,4.441261821,0.229193598,63.45417089,1.313914055
491,1,1,1,2013_85008,4.268145345,4.268145345,0.221445355,49.51200185,1.290702034
492,0,1,1,2014_85008,4.309348048,4.309348048,0.225038534,57.9476607,1.300872396
493,0,0,1,2015_85008,4.323578748,4.323578748,0.225423076,62.07157076,1.303492841
494,0,1,1,2016_85008,4.35297576,4.35297576,0.228937444,63.67253652,1.311851375
495,0,0,0,2017_85008,4.42033432,4.42033432,0.232351293,64.29681196,1.317701388
496,0,0,1,2013_85015,4.258706611,4.258706611,0.211618382,57.70942217,1.278424529
497,0,0,1,2014_85015,4.271156202,4.271156202,0.214330829,63.92394552,1.28859945
498,0,0,1,2015_85015,4.296667635,4.296667635,0.215057679,64.18987994,1.293304221
499,1,1,1,2016_85015,4.315590845,4.315590845,0.2195679,65.96671269,1.302319627
500,0,0,0,2017_85015,4.329903355,4.329903355,0.220805727,67.90339535,1.306710415
501,0,0,1,2013_85021,4.288436178,4.288436178,0.217810338,50.401766,1.287059155
502,0,0,1,2014_85021,4.316363749,4.316363749,0.217003147,57.3658574,1.301517352
503,0,0,0,2015_85021,4.327726501,4.327726501,0.221616944,61.50294284,1.305617208
504,0,0,0,2016_85021,4.345583661,4.345583661,0.22359453,63.33721997,1.314753094
505,0,0,0,2017_85021,4.346771256,4.346771256,0.226007248,65.7169682,1.312013014
506,0,1,1,2014_85023,4.270698966,4.270698966,0.215871741,54.74587636,1.292977015
507,0,1,1,2015_85023,4.293788218,4.293788218,0.215299915,62.56568893,1.294528015
508,0,0,0,2016_85023,4.327948,4.327948,0.221352796,64.00708368,1.302986131
509,0,0,1,2013_85031,4.320934726,4.320934726,0.209481913,61.47926667,1.283475591
510,0,0,1,2014_85031,4.253365664,4.253365664,0.211014553,63.5362963,1.283493998
511,0,0,1,2015_85031,4.309583851,4.309583851,0.215906423,72.5504,1.290203423
512,1,1,1,2016_85031,4.31286381,4.31286381,0.217196664,70.59914894,1.302355002
513,0,0,0,2017_85031,4.327644309,4.327644309,0.216153998,68.81037688,1.30512156
514,0,1,1,2013_85033,4.26150629,4.26150629,0.20887812,62.73363636,1.27557686
515,0,0,1,2014_85033,4.283598948,4.283598948,0.213706512,63.27152597,1.289322608
516,0,1,1,2015_85033,4.296156482,4.296156482,0.213912072,66.97086957,1.29582283
517,1,1,1,2016_85033,4.315165588,4.315165588,0.216575656,68.3770777,1.301340555
518,0,1,1,2017_85033,4.328822484,4.328822484,0.216328529,72.02149492,1.300462399
519,0,0,1,2013_85035,4.256043687,4.256043687,0.214187516,56.99740196,1.28940738
520,0,0,1,2014_85035,4.258982233,4.258982233,0.210272419,64.7296793,1.2824528
521,1,1,1,2015_85035,4.260720403,4.260720403,0.210242553,67.1853322,1.28555534
522,0,0,0,2016_85035,4.298308261,4.298308261,0.214113971,67.90439942,1.296547089
523,0,0,0,2017_85035,4.307517913,4.307517913,0.218809105,71.51600904,1.297758119
524,0,0,1,2013_85037,4.306815263,4.306815263,0.218580632,57.97955556,1.28617268
525,1,1,1,2014_85037,4.255973139,4.255973139,0.212099114,62.90815287,1.285019964
526,0,1,1,2015_85037,4.295782129,4.295782129,0.215453033,68.31108761,1.298120254
527,0,1,1,2016_85037,4.339043964,4.339043964,0.223361516,69.49518564,1.309366929
528,0,0,0,2017_85037,4.320116551,4.320116551,0.217164808,70.66343333,1.302783149
529,0,0,1,2013_85041,4.219784925,4.219784925,0.20220614,59.82850467,1.272100337
530,0,0,1,2014_85041,4.306620901,4.306620901,0.217097888,58.51643505,1.293734081
531,0,0,0,2015_85041,4.291485194,4.291485194,0.218884869,64.8044186,1.297071756
532,0,1,1,2016_85041,4.318596309,4.318596309,0.218039479,67.39943182,1.298532073
533,1,1,1,2017_85041,4.350627454,4.350627454,0.222751066,67.67747489,1.309906325
534,0,0,1,2013_85043,4.315249766,4.315249766,0.220064974,54.30068027,1.284651815
535,0,0,1,2014_85043,4.27832598,4.27832598,0.22046714,54.80204819,1.294651256
536,0,0,0,2015_85043,4.298988095,4.298988095,0.218202513,62.06983368,1.297397458
537,0,1,1,2016_85043,4.333139421,4.333139421,0.229115308,61.73293165,1.310375628
538,0,1,1,2017_85043,4.326235928,4.326235928,0.225266989,63.98361516,1.308304816
539,0,1,1,2013_85051,4.280856863,4.280856863,0.216470724,56.64412607,1.285722859
540,0,0,1,2014_85051,4.271382455,4.271382455,0.214390048,60.71233333,1.283720296
541,0,0,1,2015_85051,4.326782381,4.326782381,0.220980765,65.70652621,1.296852123
542,0,0,1,2016_85051,4.310693197,4.310693197,0.218916459,66.56069869,1.295790248
543,0,0,0,2017_85051,4.346279563,4.346279563,0.223370855,67.28917127,1.306031673
544,1,1,1,2013_85053,4.295514168,4.295514168,0.217160422,55.06643885,1.290305664
545,0,0,1,2014_85053,4.289215732,4.289215732,0.215139543,64.12948697,1.287031623
546,1,1,1,2015_85053,4.328223624,4.328223624,0.220064375,64.51608917,1.300584822
547,0,0,0,2016_85053,4.324184472,4.324184472,0.220702269,65.67243194,1.307102018
548,0,0,0,2017_85053,4.354162546,4.354162546,0.225456006,66.75131674,1.312392278
549,0,1,1,2013_85201,4.28610357,4.28610357,0.218245843,54.89854626,1.289555444
550,0,0,1,2014_85201,4.304679683,4.304679683,0.218868582,60.20959174,1.296051701
551,1,1,1,2015_85201,4.320838299,4.320838299,0.22055632,64.70976455,1.301455313
552,0,0,1,2016_85201,4.335761005,4.335761005,0.224031201,65.42780309,1.309528818
553,0,0,0,2017_85201,4.346594063,4.346594063,0.225016661,67.17573402,1.312230108
554,1,1,1,2013_85203,4.321090031,4.321090031,0.221944456,55.72022222,1.304969771
555,0,0,0,2014_85203,4.281529531,4.281529531,0.214005841,63.76178005,1.2927442
556,0,0,1,2015_85203,4.358268172,4.358268172,0.22690498,64.39912553,1.310673297
557,1,1,1,2016_85203,4.342759296,4.342759296,0.22253047,66.25602367,1.31424119
558,0,0,1,2017_85203,4.333197147,4.333197147,0.221157218,66.5942881,1.306863044
559,0,0,0,2013_85205,4.292091114,4.292091114,0.218658355,55.81953361,1.292776604
560,0,0,1,2014_85205,4.284366099,4.284366099,0.218920439,62.74264682,1.290353064
561,0,0,1,2015_85205,4.327685365,4.327685365,0.223921023,63.20686199,1.305451019
562,0,0,0,2016_85205,4.340867811,4.340867811,0.224422134,64.77870778,1.310616028
563,1,1,1,2017_85205,4.348144545,4.348144545,0.223710444,67.14059245,1.310141393
564,0,0,0,2017_85206,4.331934403,4.331934403,0.226218662,65.55849161,1.317746061
565,1,1,1,2013_85208,4.276454497,4.276454497,0.215580181,62.66413043,1.29051324
566,0,0,1,2014_85208,4.282016794,4.282016794,0.20926484,54.0062963,1.298006781
567,0,0,1,2015_85208,4.266780774,4.266780774,0.214216612,63.0096748,1.298527979
568,0,0,0,2016_85208,4.28785424,4.28785424,0.220728713,65.8570122,1.294802706
569,0,0,0,2017_85208,4.278861189,4.278861189,0.22154109,64.69527094,1.296793476
570,0,0,0,2013_85281,4.297786926,4.297786926,0.217725325,56.86072166,1.290143116
571,1,1,1,2014_85281,4.319381609,4.319381609,0.221570614,62.09758891,1.2976993
572,0,0,1,2015_85281,4.34566831,4.34566831,0.224736672,66.26858223,1.304259955
573,0,0,1,2016_85281,4.366362128,4.366362128,0.225023455,67.78012714,1.308485228
574,0,0,0,2017_85281,4.361846686,4.361846686,0.226169997,68.19932631,1.311602922
575,0,0,1,2013_85301,4.275483836,4.275483836,0.214380151,56.9226129,1.284736756
576,0,0,1,2014_85301,4.306025558,4.306025558,0.218538017,60.68531586,1.296949084
577,0,1,1,2015_85301,4.308483162,4.308483162,0.218730584,66.00659733,1.296931067
578,0,0,1,2016_85301,4.325881438,4.325881438,0.219886597,67.26638462,1.301914919
579,1,1,1,2017_85301,4.354616807,4.354616807,0.223338395,66.40959531,1.309825643
580,0,0,1,2013_85303,4.233407125,4.233407125,0.20692459,58.62679688,1.290089827
581,1,1,1,2014_85303,4.257090241,4.257090241,0.213088498,59.74614525,1.293598392
582,0,0,1,2015_85303,4.290699381,4.290699381,0.213908627,65.96448413,1.299605158
583,0,0,1,2016_85303,4.288688626,4.288688626,0.215750856,63.90069204,1.301374699
584,0,1,1,2017_85303,4.306201135,4.306201135,0.215131381,67.23012862,1.301997074
585,0,0,0,2013_85307,4.261977758,4.261977758,0.210495574,61.92821429,1.280617672
586,0,1,1,2014_85307,4.303312262,4.303312262,0.210371803,54.8133945,1.301486681
587,1,1,1,2015_85307,4.313709513,4.313709513,0.216810091,51.57753846,1.304981557
588,0,0,1,2016_85307,4.304838099,4.304838099,0.22039016,55.4737415,1.312353401
589,0,0,0,2017_85307,4.281024228,4.281024228,0.214987626,64.6879798,1.297112601
590,0,0,1,2013_85323,4.284164483,4.284164483,0.216417344,57.42860424,1.290006494
591,1,1,1,2014_85323,4.259780911,4.259780911,0.21436113,59.58510759,1.294514694
592,0,0,0,2015_85323,4.302914773,4.302914773,0.21949372,66.82177669,1.296814325
593,0,0,0,2016_85323,4.307429853,4.307429853,0.2200521,66.40777433,1.307444162
594,0,1,1,2017_85323,4.319846476,4.319846476,0.222924398,66.88093313,1.308424844
595,1,1,1,2013_85335,4.297290566,4.297290566,0.216859721,53.34628571,1.299199975
596,0,1,1,2014_85335,4.27814993,4.27814993,0.212546483,60.81166667,1.291963145
597,0,0,0,2015_85335,4.324128474,4.324128474,0.223042694,64.85761506,1.314284446
598,0,0,1,2016_85335,4.286969083,4.286969083,0.215606766,64.1851682,1.302661018
599,0,0,1,2017_85335,4.354693834,4.354693834,0.226608478,70.90654391,1.311852153
600,0,0,1,2013_85345,4.273371414,4.273371414,0.216200178,55.37526024,1.292909355
601,0,0,1,2014_85345,4.291721146,4.291721146,0.215007148,63.21338428,1.297623302
602,1,1,1,2015_85345,4.307830245,4.307830245,0.21719735,64.74049767,1.299306865
603,0,0,0,2016_85345,4.332281786,4.332281786,0.222235038,66.35,1.306101115
604,0,0,0,2017_85345,4.337027981,4.337027981,0.222298704,66.49899958,1.308362306
605,0,0,0,2015_85350,4.207885305,4.207885305,0.240143369,87.06,1.304659498
606,1,1,1,2017_85350,3.821428571,3.821428571,0.107142857,99.57,1.107142857
607,0,0,0,2013_85353,4.283773846,4.283773846,0.213303391,66.05204678,1.277465322
608,1,1,1,2014_85353,4.269221342,4.269221342,0.210722973,64.72053968,1.287911512
609,0,0,0,2015_85353,4.273067657,4.273067657,0.209421608,67.25848018,1.286006014
610,0,0,1,2013_85363,4.23203396,4.23203396,0.206904277,55.93723404,1.285696247
611,0,1,1,2014_85363,4.305784044,4.305784044,0.22739786,60.56090909,1.302158727
612,0,1,1,2015_85363,4.354531426,4.354531426,0.22546406,64.96972973,1.302636032
613,0,0,0,2016_85363,4.386655423,4.386655423,0.232352579,68.30794286,1.309011847
614,0,0,0,2017_85363,4.347867583,4.347867583,0.221683933,66.33255814,1.311069839
615,1,1,1,2014_85705,4.451181102,4.451181102,0.350393701,78.975,1.27992126
616,0,0,0,2015_85705,4.359012,4.359012,0.224597987,74.155,1.274811097
617,0,0,1,2013_89015,4.243680221,4.243680221,0.215151405,42.06086695,1.278046348
618,1,1,1,2014_89015,4.257669165,4.257669165,0.213089928,59.35570307,1.285656573
619,0,1,1,2015_89015,4.300222869,4.300222869,0.217871223,68.12936198,1.290285322
620,0,0,1,2016_89015,4.30248646,4.30248646,0.218224605,68.21466952,1.29488533
621,0,0,0,2017_89015,4.318547435,4.318547435,0.220869647,68.58905302,1.299908129
622,0,1,1,2013_89032,4.260714281,4.260714281,0.209470118,56.27576216,1.279754284
623,0,0,1,2013_89101,4.267395857,4.267395857,0.215704558,46.52041124,1.280008567
624,0,1,1,2014_89101,4.311525934,4.311525934,0.220122194,57.28938816,1.290911209
625,0,1,1,2015_89101,4.35105976,4.35105976,0.223139369,62.79488194,1.300381883
626,0,0,0,2016_89101,4.375579715,4.375579715,0.22514109,65.33247242,1.305300725
627,0,0,0,2017_89101,4.365326297,4.365326297,0.22576971,66.87773334,1.308289567
628,0,0,0,2013_89102,4.244139094,4.244139094,0.206541097,54.96909432,1.273688177
629,1,1,1,2014_89102,4.302911177,4.302911177,0.210405114,63.1351886,1.281416639
630,0,0,0,2015_89102,4.345116866,4.345116866,0.214463967,66.3850458,1.290515042
631,0,0,1,2016_89102,4.385574843,4.385574843,0.216818426,67.90536377,1.297072375
632,0,0,0,2017_89102,4.380698,4.380698,0.217949194,68.80229861,1.300985987
633,0,0,0,2013_89104,4.258475219,4.258475219,0.212573778,48.93380533,1.283193053
634,1,1,1,2014_89104,4.278259276,4.278259276,0.214390602,59.01781891,1.286648745
635,0,0,1,2015_89104,4.303927554,4.303927554,0.215555932,65.20860447,1.294089351
636,0,0,1,2016_89104,4.323633636,4.323633636,0.216627577,66.17881673,1.298758579
637,0,0,0,2017_89104,4.340100755,4.340100755,0.220666523,68.30522409,1.306905331
638,0,0,1,2013_89106,4.300944081,4.300944081,0.224149685,47.34481444,1.299063352
639,1,1,1,2014_89106,4.275478958,4.275478958,0.219028609,58.00371668,1.295459855
640,0,0,0,2015_89106,4.297341579,4.297341579,0.22163198,59.25368828,1.304519315
641,0,0,0,2016_89106,4.301435126,4.301435126,0.221974632,62.92422564,1.308021599
642,0,0,0,2017_89106,4.352658839,4.352658839,0.224694374,64.6070675,1.313965389
643,0,0,0,2013_89108,4.235022268,4.235022268,0.208462902,55.30964655,1.275955683
644,0,1,1,2014_89108,4.284859454,4.284859454,0.21639018,62.5892276,1.294635921
645,0,0,0,2015_89108,4.281148401,4.281148401,0.216131339,65.97530764,1.293320922
646,0,0,0,2016_89108,4.298800287,4.298800287,0.218781855,67.64838792,1.297603925
647,0,0,1,2017_89108,4.3155768,4.3155768,0.218875242,67.87334364,1.304530375
648,0,0,1,2013_89110,4.225157967,4.225157967,0.210622818,59.64169329,1.283000563
649,0,0,1,2014_89110,4.294572999,4.294572999,0.207547762,67.42473534,1.283388621
650,0,0,0,2015_89110,4.261355,4.261355,0.208548082,69.91666997,1.287484227
651,0,0,0,2016_89110,4.257058645,4.257058645,0.210122582,68.97397656,1.291460147
652,0,0,0,2017_89110,4.316676333,4.316676333,0.215357025,70.8108169,1.304536922
653,0,0,1,2013_89115,4.25842291,4.25842291,0.212106883,47.30892562,1.285855733
654,1,1,1,2014_89115,4.268187268,4.268187268,0.214102599,54.0248125,1.292414316
655,1,1,1,2015_89115,4.266912877,4.266912877,0.211875462,57.90457527,1.296620566
656,0,0,0,2016_89115,4.298189055,4.298189055,0.217415547,62.79877868,1.304751935
657,0,0,0,2017_89115,4.319074137,4.319074137,0.217073531,67.3176442,1.30636002
658,0,0,0,2013_89119,4.270043842,4.270043842,0.217123366,50.90048283,1.284333861
659,0,0,0,2014_89119,4.292786032,4.292786032,0.220099058,58.56632027,1.293690585
660,0,0,1,2015_89119,4.346837888,4.346837888,0.221370631,62.6138014,1.298341865
661,0,0,1,2016_89119,4.336932936,4.336932936,0.223014496,65.21217608,1.303343147
662,0,0,0,2017_89119,4.347925002,4.347925002,0.224010004,66.43568552,1.307952534
663,0,0,0,2013_89121,4.240334682,4.240334682,0.20660682,52.88037938,1.272949402
664,0,0,0,2014_89121,4.276269755,4.276269755,0.211686251,60.81708873,1.289156525
665,0,0,0,2015_89121,4.309358637,4.309358637,0.214948028,66.1337721,1.294321331
666,0,0,0,2016_89121,4.339261706,4.339261706,0.217799628,68.72634127,1.303508878
667,0,0,0,2017_89121,4.339327789,4.339327789,0.220239105,68.63377451,1.308555555
668,0,0,0,2013_89122,4.21275607,4.21275607,0.204140971,48.53133898,1.2670118
669,0,0,0,2014_89122,4.252023317,4.252023317,0.210219891,62.62460613,1.278975346
670,0,0,0,2015_89122,4.277028501,4.277028501,0.212913899,63.76551899,1.284660008
671,0,0,0,2016_89122,4.301228522,4.301228522,0.217869272,65.20280565,1.292456916
672,0,0,0,2017_89122,4.290258189,4.290258189,0.217695987,64.59707652,1.291875187
673,0,0,0,2013_89128,4.292720707,4.292720707,0.218761482,50.12721619,1.293507479
674,0,0,1,2014_89142,4.254004706,4.254004706,0.211178856,64.28314815,1.289950356
675,0,0,0,2015_89142,4.246941683,4.246941683,0.204538857,69.30990415,1.289757074
676,0,0,0,2016_89142,4.212726219,4.212726219,0.203388067,72.55049351,1.275653217
677,0,0,0,2017_89142,4.290465489,4.290465489,0.210944164,69.23261641,1.294260039
678,0,1,1,2014_89146,4.306642127,4.306642127,0.212667797,60.21730788,1.287976393
679,0,0,0,2015_89146,4.338604335,4.338604335,0.214311866,65.40601248,1.295209177
680,0,1,1,2016_89146,4.365218929,4.365218929,0.214967413,68.10713066,1.299055552
681,0,1,1,2017_89146,4.377063479,4.377063479,0.216797809,69.8612194,1.302082524
682,0,0,0,2013_89156,4.31306734,4.31306734,0.21626512,48.11145833,1.291312786
683,0,0,1,2014_89156,4.348282993,4.348282993,0.216113902,71.58388889,1.301156962
684,0,0,1,2015_89156,4.310783902,4.310783902,0.213381584,63.1677512,1.296246811
685,0,0,0,2016_89156,4.31175396,4.31175396,0.221701483,66.210553,1.304870759
686,0,0,0,2017_89156,4.28731286,4.28731286,0.207952249,68.78207273,1.291363983
687,0,0,1,2013_89502,4.334767642,4.334767642,0.245266781,74.965,1.334982788
688,0,0,1,2014_89502,4.404964431,4.404964431,0.174848422,83.4825,1.29993228
689,0,1,1,2015_89502,4.370829925,4.370829925,0.211748369,75.91833333,1.297619972
690,0,0,0,2016_89502,4.240962374,4.240962374,0.199471359,67.03384615,1.310282056
691,0,0,0,2017_89502,4.121587811,4.121587811,0.194669837,80.43076923,1.269083136
692,0,0,0,2014_90001,4.495581794,4.495581794,0.274181278,57.75125,1.443473708
693,0,0,0,2016_90001,4.404243325,4.404243325,0.212251557,77.16375,1.341125855
694,0,0,0,2017_90001,4.362541928,4.362541928,0.217470177,72.37030303,1.364888181
695,0,0,0,2015_90037,4.011805841,4.011805841,0.167832168,81.63,1.254092966
696,0,0,1,2014_92703,4.349952567,4.349952567,0.226672421,63.65833333,1.337098957
697,1,1,1,2016_92703,4.247811712,4.247811712,0.223728652,73.545,1.311878598
698,0,0,1,2017_92703,4.261590296,4.261590296,0.25606469,25.19,1.33180593
699,0,1,1,2013_93612,4.346972146,4.346972146,0.239204423,70.91833333,1.286570017
700,0,0,0,2014_93612,4.265124538,4.265124538,0.232318797,70.12888889,1.299351074
701,0,0,0,2015_93612,4.26091842,4.26091842,0.234004512,66.3825,1.298041639
702,1,1,1,2016_93612,4.348174566,4.348174566,0.242805402,56.52615385,1.3398968
703,0,0,1,2017_93612,4.310074095,4.310074095,0.233935212,50.87727273,1.293798395
704,0,0,0,2013_95966,4.320129278,4.320129278,0.206518448,49.4025,1.341675608
705,0,0,0,2014_95966,4.305211507,4.305211507,0.220518076,19.95357143,1.328988502
706,0,0,0,2015_95966,4.279939873,4.279939873,0.224268434,6.196764706,1.324533265
707,1,1,1,2016_95966,4.401745864,4.401745864,0.233014924,24.66485714,1.341920115
708,0,0,1,2017_95966,4.357391521,4.357391521,0.25252737,10.63333333,1.348450515