,gentrifying_pct_chg_income_homeval_educ,gentrifying_pct_chg_income_homeval,gentrifying_pct_chg_homeval,key,restaurants,food,shopping,beauty & spas,home services,automotive,american (traditional),nightlife,local services,bars,event planning & services,pizza,health & medical,fast food,active life,sandwiches
0,0,0,0,2015_15240,1,1,0,0,0,0,0,0,0,0,0,0,0,0,0,0
1,0,0,0,2016_15240,1,1,0,0,0,0,0,0,0,0,0,0,1,0,0,0
2,1,1,1,2017_15240,1,1,0,0,0,0,0,0,0,0,0,0,0,0,0,0
3,0,0,0,2015_11433,0,0,1,1,0,0,0,0,0,0,0,0,0,0,0,0
4,0,0,0,2016_11433,0,0,1,1,0,0,0,0,0,0,0,0,0,0,0,0
5,1,1,1,2017_11433,0,0,1,1,0,0,0,0,0,0,0,0,0,0,0,0
6,1,1,1,2015_12958,1,0,0,0,0,0,1,0,0,0,0,0,0,0,0,1
7,0,0,0,2016_12958,1,0,0,0,0,0,1,0,0,0,0,0,0,0,0,1
8,0,0,0,2013_15003,7,2,2,0,0,0,2,4,0,4,0,2,0,0,0,1
9,0,1,1,2014_15003,9,2,2,0,0,1,2,2,0,2,0,3,0,0,0,1
10,0,0,0,2015_15003,8,2,3,0,0,1,2,3,1,3,0,3,0,0,0,2
11,0,1,1,2016_15003,11,2,4,0,0,0,4,4,0,4,1,3,0,0,0,3
12,0,0,0,2017_15003,14,4,6,0,1,2,4,6,2,6,1,4,0,0,0,3
13,0,0,0,2017_15021,0,0,0,0,0,0,0,0,0,0,0,0,0,0,0,0
14,1,1,1,2013_15025,6,2,0,0,1,1,2,2,0,2,0,1,0,0,0,1
15,0,0,1,2015_15025,10,1,1,0,0,1,2,2,0,2,1,3,2,0,0,1
16,0,0,1,2013_15034,1,0,1,0,0,0,0,1,0,1,0,1,0,0,0,0
17,0,0,0,2014_15034,3,1,2,0,0,0,0,1,0,1,0,2,0,1,0,1
18,0,0,0,2015_15034,4,1,1,0,0,0,0,0,0,0,0,3,0,1,0,1
19,0,0,1,2016_15034,3,1,1,0,1,0,0,1,0,1,0,2,0,1,0,1
20,0,0,0,2013_15035,0,0,2,0,1,1,0,0,1,0,0,0,0,0,0,0
21,0,0,0,2014_15035,2,2,1,0,1,1,1,1,1,1,0,1,0,0,0,1
22,0,0,0,2015_15035,3,3,1,0,1,1,1,1,1,1,0,1,0,0,0,2
23,0,0,0,2016_15035,2,1,2,0,1,2,0,0,1,0,0,1,0,0,0,2
24,1,1,1,2017_15035,3,3,0,0,1,2,1,1,1,1,0,1,0,0,0,2
25,1,1,1,2013_15045,1,1,0,0,0,0,0,0,0,0,0,0,0,0,0,0
26,0,0,0,2014_15045,2,0,0,0,0,0,1,0,0,0,0,0,0,0,0,0
27,0,0,1,2015_15045,3,1,1,0,0,0,1,0,1,0,0,1,0,0,0,0
28,0,0,0,2016_15045,4,0,0,0,0,0,2,0,0,0,0,1,0,0,0,0
29,0,0,0,2017_15045,3,0,1,0,0,0,1,0,1,0,0,1,0,0,0,0
30,0,0,1,2017_15056,5,2,1,1,1,2,1,2,1,2,0,2,0,0,1,1
31,1,1,1,2013_15063,4,2,0,0,0,0,1,0,0,0,0,1,0,1,0,1
32,0,0,0,2014_15063,3,2,1,0,0,0,0,0,0,0,0,1,0,1,0,2
33,0,0,0,2016_15063,7,3,0,2,0,0,1,1,0,1,0,3,1,1,0,1
34,1,1,1,2013_15067,1,0,0,0,0,0,1,0,0,0,0,0,0,0,0,0
35,0,1,1,2014_15067,1,0,0,0,0,0,1,0,0,0,0,0,0,0,0,0
36,0,0,1,2015_15067,1,0,0,0,0,0,1,0,0,0,0,0,0,0,0,0
37,0,0,0,2016_15067,2,0,0,0,0,0,1,0,0,0,0,0,0,0,0,1
38,0,0,0,2017_15067,2,0,0,0,0,0,1,0,0,0,0,0,0,0,0,1
39,1,1,1,2013_15068,17,10,3,2,2,2,3,3,4,2,1,2,0,2,0,2
40,0,0,1,2014_15068,26,8,2,3,2,4,6,4,2,3,3,6,0,0,0,4
41,0,0,0,2015_15068,32,12,7,4,5,2,6,5,2,5,1,7,1,3,3,4
42,0,0,0,2016_15068,35,16,7,5,4,6,8,6,5,5,2,7,1,3,3,3
43,0,1,1,2017_15068,38,14,3,7,5,1,8,5,4,5,1,9,1,3,2,5
44,0,0,0,2013_15084,11,5,9,1,1,1,5,2,0,2,1,0,1,4,0,2
45,0,0,0,2014_15084,11,7,11,3,2,1,6,3,1,3,1,0,1,3,0,1
46,0,0,0,2015_15084,16,7,6,3,1,0,7,5,1,5,1,0,1,5,0,4
47,0,0,1,2016_15084,16,8,8,3,2,0,7,5,2,5,1,0,1,5,3,3
48,0,0,1,2017_15084,15,9,9,3,2,0,7,3,1,3,1,1,2,5,3,3
49,0,0,0,2013_15104,2,0,0,1,0,0,0,1,0,1,0,0,1,0,0,1
50,0,0,0,2014_15104,2,1,0,0,0,0,0,2,0,2,0,0,0,0,0,1
51,1,1,1,2015_15104,6,3,1,1,0,1,0,3,0,3,0,1,2,0,1,2
52,0,0,1,2016_15104,7,4,0,0,0,0,1,4,0,3,1,1,0,0,2,3
53,0,0,0,2017_15104,6,5,1,0,0,0,2,4,0,3,1,1,1,0,1,3
54,0,0,0,2013_15106,18,8,2,2,4,6,4,6,1,6,1,3,1,2,1,2
55,0,1,1,2015_15106,29,15,11,4,9,8,7,9,5,9,2,9,1,5,3,4
56,0,0,0,2013_15110,1,1,0,0,1,1,0,0,0,0,0,0,0,1,0,0
57,0,0,1,2014_15110,1,1,1,0,1,0,0,0,1,0,0,0,0,1,0,0
58,0,0,1,2015_15110,0,0,2,0,2,1,0,0,1,0,0,0,0,0,0,0
59,0,1,1,2016_15110,1,1,2,0,1,0,0,0,1,0,0,0,0,1,0,0
60,0,0,0,2017_15110,2,2,0,0,2,0,1,0,0,0,0,0,0,2,0,0
61,0,0,0,2013_15112,2,0,0,0,0,0,0,1,0,1,0,0,0,0,0,0
62,0,0,0,2014_15112,1,0,0,0,0,1,0,1,0,1,0,0,0,0,0,0
63,0,0,1,2015_15112,2,0,0,0,0,1,0,0,0,0,0,0,0,0,0,0
64,0,0,1,2016_15112,1,0,0,0,0,1,0,0,0,0,0,0,1,0,1,0
65,0,0,1,2017_15112,2,0,0,0,0,0,0,1,0,1,0,0,0,0,0,0
66,0,1,1,2013_15120,33,15,24,3,2,6,10,11,3,9,4,3,1,5,1,2
67,0,0,0,2014_15120,38,19,28,8,2,5,13,13,1,12,5,5,3,3,4,2
68,1,1,1,2015_15120,47,26,32,7,4,8,13,17,3,15,6,8,3,6,3,5
69,0,0,0,2016_15120,44,23,38,7,5,5,10,17,5,15,4,10,5,5,4,4
70,0,0,0,2017_15120,42,22,34,7,5,6,11,17,3,15,5,7,4,5,5,6
71,0,0,0,2013_15122,19,6,9,0,4,5,9,4,6,4,2,4,1,1,14,2
72,0,0,0,2014_15122,23,10,16,0,5,5,12,5,5,5,3,3,2,3,7,3
73,0,0,0,2015_15122,27,13,19,2,8,6,11,7,6,7,2,3,2,4,13,3
74,0,0,1,2016_15122,31,15,18,3,8,6,12,6,8,6,4,6,4,4,10,5
75,0,0,1,2017_15122,27,12,17,6,8,9,11,4,7,4,4,6,3,3,9,6
76,0,0,0,2013_15131,10,1,1,0,0,0,3,2,0,2,2,3,0,1,1,2
77,0,0,0,2014_15131,12,4,0,2,1,0,4,1,1,1,1,5,0,1,1,2
78,0,0,0,2017_15131,13,4,1,5,3,2,3,2,3,2,1,5,1,1,1,3
79,1,1,1,2013_15132,9,2,1,1,1,3,1,1,1,1,1,3,0,1,0,0
80,0,0,0,2014_15132,11,4,0,0,1,2,1,2,1,2,0,5,0,1,0,0
81,0,0,0,2015_15132,17,4,2,1,1,5,1,4,2,4,0,6,0,1,2,0
82,0,1,1,2016_15132,17,5,3,0,2,4,0,2,1,2,2,8,0,2,2,1
83,0,1,1,2017_15132,13,2,4,1,2,4,1,3,2,3,0,4,0,2,2,0
84,0,1,1,2014_15133,1,0,0,0,0,0,0,0,0,0,0,1,0,0,0,0
85,0,1,1,2015_15133,1,0,0,0,0,0,0,0,0,0,0,1,0,0,0,0
86,0,0,0,2016_15133,0,0,0,0,0,1,0,0,0,0,0,0,0,0,1,0
87,0,0,0,2017_15133,2,0,0,0,0,0,0,0,0,0,0,2,0,0,0,0
88,0,0,0,2013_15137,8,4,4,0,0,2,2,2,0,2,0,1,0,2,1,2
89,0,0,0,2014_15137,11,8,5,1,2,1,5,4,1,4,1,2,0,2,4,2
90,0,0,0,2015_15137,19,10,6,0,3,5,8,6,1,6,2,5,0,4,5,2
91,0,0,0,2016_15137,19,8,10,3,5,6,8,5,3,5,1,4,0,5,6,3
92,0,0,0,2017_15137,17,10,9,1,5,6,7,4,2,4,2,4,0,5,5,3
93,0,0,0,2013_15140,1,1,0,0,0,0,0,0,0,0,0,1,0,0,0,1
94,0,0,0,2015_15140,0,2,0,0,0,1,0,0,0,0,0,0,0,0,0,0
95,0,0,0,2016_15140,1,2,0,0,0,1,0,0,0,0,0,1,0,0,0,1
96,0,1,1,2017_15140,1,0,0,0,0,1,0,0,0,0,0,1,0,0,0,1
97,0,0,0,2014_15144,6,1,1,1,0,0,1,0,0,0,1,3,0,0,0,1
98,0,0,0,2015_15144,8,2,0,2,0,0,1,0,0,0,0,4,1,0,0,1
99,0,0,0,2016_15144,6,2,1,0,0,0,1,0,0,0,1,3,0,0,0,1
100,0,0,0,2017_15144,7,3,0,1,0,0,1,0,0,0,0,4,1,0,0,1
101,0,0,1,2013_15145,3,0,1,0,0,0,0,0,0,0,1,3,0,0,0,1
102,0,0,0,2014_15145,3,1,1,0,0,0,0,0,0,0,2,3,1,0,0,0
103,1,1,1,2015_15145,6,4,0,0,1,0,0,1,1,1,1,4,1,0,0,1
104,0,0,0,2016_15145,8,3,1,0,1,1,1,2,1,2,2,5,1,0,0,1
105,0,1,1,2017_15145,9,5,0,0,2,0,1,2,2,2,1,6,1,0,0,2
106,0,0,0,2013_15147,6,3,2,0,1,7,0,2,0,2,0,1,1,0,2,0
107,0,0,0,2014_15147,9,3,4,2,2,4,0,3,0,3,1,4,0,0,2,0
108,1,1,1,2015_15147,10,5,3,3,3,7,0,4,1,3,1,4,0,0,1,0
109,0,0,0,2016_15147,14,8,4,4,2,2,0,4,1,3,0,5,1,0,1,0
110,0,0,0,2017_15147,14,9,6,4,2,5,0,3,2,3,2,6,1,0,3,0
111,1,1,1,2013_15148,4,1,0,0,1,1,2,1,0,1,1,0,0,0,0,2
112,0,0,0,2014_15148,4,2,0,0,0,1,2,0,1,0,1,1,0,0,1,1
113,0,0,1,2015_15148,5,1,0,0,1,0,2,1,0,1,1,1,0,0,0,2
114,0,0,1,2016_15148,6,2,0,0,1,2,3,1,0,1,1,1,0,0,0,2
115,0,0,0,2017_15148,3,1,0,0,0,1,2,1,0,1,1,0,0,0,0,2
116,0,0,0,2013_15204,0,1,1,0,3,0,0,0,1,0,0,0,0,0,0,0
117,0,0,0,2014_15204,0,1,1,0,2,2,0,0,1,0,0,0,1,0,0,0
118,0,0,0,2015_15204,0,0,0,0,2,1,0,0,0,0,1,0,0,0,0,0
119,0,0,1,2016_15204,0,1,1,1,3,2,0,0,1,0,0,0,1,0,0,0
120,0,0,1,2017_15204,0,1,1,1,2,1,0,0,1,0,1,0,1,0,0,0
121,0,0,0,2013_15207,8,4,3,1,2,3,2,2,1,2,1,3,0,0,0,0
122,0,0,0,2014_15207,8,7,2,0,2,5,1,1,0,1,2,3,0,0,1,1
123,0,0,0,2015_15207,10,9,5,0,5,7,2,2,2,2,3,4,0,0,2,1
124,1,1,1,2016_15207,8,8,4,0,5,7,2,2,3,2,2,3,0,0,2,1
125,1,1,1,2017_15207,9,8,6,0,6,7,2,2,3,2,1,3,0,0,1,2
126,0,0,0,2013_15210,13,5,4,1,4,0,1,0,1,0,0,4,0,2,1,0
127,0,0,0,2014_15210,12,5,2,4,3,3,1,0,2,0,0,6,0,2,1,1
128,0,0,1,2015_15210,19,7,3,2,7,6,1,0,5,0,1,9,0,0,2,1
129,1,1,1,2016_15210,23,9,2,3,10,6,1,0,5,0,1,6,1,1,3,1
130,0,0,1,2017_15210,18,9,4,3,7,6,1,0,4,0,0,5,1,2,3,2
131,0,0,0,2013_15212,52,23,4,4,6,3,10,26,4,22,18,8,2,2,6,6
132,0,0,1,2014_15212,60,29,8,5,6,0,14,28,4,24,19,11,2,1,9,6
133,1,1,1,2015_15212,67,31,7,4,7,3,14,27,5,25,19,14,1,3,9,9
134,0,0,1,2016_15212,72,34,8,5,11,4,17,37,4,35,24,14,4,2,10,12
135,0,0,0,2017_15212,77,42,10,3,9,5,17,39,6,35,23,15,3,2,9,13
136,0,0,0,2013_15214,1,1,0,0,1,0,0,0,0,0,1,0,0,0,0,0
137,0,1,1,2014_15214,1,1,0,0,0,0,0,0,0,0,1,0,0,0,0,0
138,0,0,1,2015_15214,1,1,0,0,3,0,0,0,0,0,1,0,0,0,1,0
139,0,1,1,2016_15214,1,1,1,1,2,0,0,0,0,0,1,0,0,0,1,0
140,0,0,1,2017_15214,1,1,2,1,3,0,0,0,2,0,1,0,0,0,1,0
141,0,0,0,2013_15221,20,10,1,4,2,5,1,3,1,3,0,5,3,2,2,5
142,0,0,0,2014_15221,24,9,4,3,8,6,1,3,5,3,0,7,3,3,2,6
143,0,0,0,2013_15223,8,4,3,2,0,1,3,3,0,3,0,3,0,0,1,1
144,0,0,0,2014_15223,12,4,5,2,1,2,4,2,1,2,0,4,0,1,2,2
145,1,1,1,2015_15223,11,4,6,4,3,0,3,4,1,4,0,5,2,0,1,2
146,0,0,0,2016_15223,14,4,4,0,4,5,4,4,2,4,1,5,2,1,2,1
147,0,0,0,2017_15223,13,5,7,3,4,2,4,3,1,3,1,4,0,0,1,0
148,0,0,0,2014_15226,24,14,7,2,3,9,3,4,3,3,0,5,1,2,3,2
149,0,0,0,2013_15227,19,7,4,2,1,1,2,3,2,3,0,6,0,2,0,2
150,0,1,1,2013_15235,32,12,10,2,4,9,6,5,4,5,4,7,1,4,0,2
151,0,0,1,2014_15235,35,17,13,6,5,11,6,6,4,6,8,6,1,3,1,2
152,0,0,1,2014_15637,1,1,0,0,0,0,0,0,0,0,0,0,0,1,1,0
153,1,1,1,2015_16502,0,0,0,0,0,0,0,0,0,0,0,0,0,0,0,0
154,1,1,1,2016_16502,0,0,0,0,0,0,0,0,0,0,0,0,0,0,0,0
155,1,1,1,2017_16502,0,0,0,0,0,0,0,0,0,0,0,0,0,0,0,0
156,0,1,1,2014_22827,0,0,0,0,0,1,0,0,0,0,0,0,0,0,0,0
157,0,0,0,2015_22827,0,0,0,0,0,1,0,0,0,0,0,0,0,0,0,0
158,0,0,0,2014_23231,0,0,0,0,0,0,0,0,0,0,0,0,0,0,0,0
159,0,0,0,2015_23231,0,0,0,0,0,0,0,0,0,0,0,0,0,0,0,0
160,0,0,1,2017_27262,1,0,0,0,0,0,0,0,0,0,0,1,0,0,0,0
161,0,0,1,2014_28012,32,17,12,5,3,6,5,4,3,4,8,6,3,9,6,7
162,0,0,0,2015_28012,35,20,11,8,5,6,4,3,5,3,10,7,5,8,8,6
163,0,0,0,2015_28016,0,0,0,0,1,0,0,0,0,0,0,0,0,0,0,0
164,0,0,0,2016_28016,0,0,0,0,1,0,0,0,0,0,0,0,0,0,0,0
165,0,0,0,2013_28025,35,8,7,3,4,3,12,3,1,3,1,4,8,2,6,2
166,0,0,1,2014_28025,49,19,13,5,4,3,10,4,4,4,9,6,6,8,5,9
167,0,0,1,2015_28025,56,21,17,7,4,4,13,6,8,6,8,9,7,9,5,10
168,0,0,0,2016_28025,61,24,24,9,7,9,12,7,10,7,7,10,12,12,10,10
169,0,0,0,2017_28025,72,29,25,15,7,8,16,7,8,7,8,10,11,18,8,14
170,0,0,1,2013_28033,0,0,0,0,1,0,0,0,0,0,0,0,0,0,0,0
171,0,0,0,2016_28033,0,0,0,0,1,0,0,0,0,0,0,0,0,0,0,0
172,0,0,0,2013_28034,4,1,0,0,0,0,0,0,0,0,0,0,0,0,0,0
173,1,1,1,2014_28034,6,0,0,0,0,0,1,0,0,0,0,0,0,2,0,1
174,0,0,1,2015_28034,13,3,0,1,0,1,0,0,0,0,0,2,1,6,0,1
175,0,0,1,2016_28034,13,6,1,0,0,0,1,0,0,0,3,1,0,6,0,0
176,0,1,1,2017_28034,15,6,1,1,0,0,1,0,0,0,3,2,1,8,0,2
177,0,0,0,2013_28052,12,3,0,1,0,1,0,4,0,3,2,0,0,1,0,2
178,0,0,0,2014_28052,15,9,0,1,1,1,2,3,0,2,4,0,0,2,1,4
179,0,1,1,2015_28052,17,7,3,3,1,3,3,4,0,3,4,2,0,1,0,3
180,0,0,0,2016_28052,20,11,5,2,2,2,3,4,0,4,5,2,0,2,0,3
181,0,0,0,2017_28052,28,15,3,2,2,3,4,6,1,6,6,4,0,7,1,3
182,0,0,0,2013_28054,41,13,14,6,4,8,13,8,1,8,10,2,4,7,2,6
183,0,0,0,2014_28054,55,14,23,9,3,10,16,7,1,7,13,4,12,9,3,11
184,0,0,1,2015_28054,59,18,22,11,4,13,17,10,6,10,12,4,10,11,6,12
185,0,0,1,2016_28054,67,21,31,20,5,16,17,9,6,9,11,7,21,17,8,10
186,0,0,1,2017_28054,76,20,38,16,9,20,18,7,9,7,14,8,21,20,8,13
187,1,1,1,2013_28081,7,1,3,0,0,2,1,0,0,0,2,1,0,1,0,0
188,1,1,1,2014_28081,8,2,2,0,1,0,2,1,0,1,2,2,0,0,0,0
189,0,1,1,2015_28081,13,2,3,0,1,2,2,1,0,1,1,3,2,1,1,0
190,0,0,0,2016_28081,9,3,2,1,1,2,2,1,0,1,1,2,0,0,1,0
191,0,0,0,2017_28081,12,4,4,1,1,3,1,0,0,0,1,3,3,1,1,1
192,0,0,1,2013_28083,9,1,1,0,1,1,1,0,1,0,1,2,0,0,0,1
193,0,0,0,2014_28083,15,5,1,0,1,2,1,0,1,0,4,3,0,2,0,2
194,0,0,0,2015_28083,20,5,4,2,2,3,6,1,3,1,3,4,1,2,0,2
195,0,0,0,2016_28083,18,5,3,3,4,3,5,1,2,1,3,2,1,2,0,1
196,1,1,1,2017_28083,19,6,4,4,1,2,3,1,2,1,5,3,1,3,0,1
197,0,0,0,2013_28098,3,1,1,0,0,2,0,0,0,0,0,0,0,1,0,2
198,0,0,1,2014_28098,2,1,0,0,0,2,0,0,0,0,0,0,0,0,0,1
199,0,1,1,2015_28098,2,1,2,0,0,2,0,0,0,0,0,0,0,0,0,1
200,0,0,0,2016_28098,4,0,1,0,0,1,1,0,0,0,0,0,0,2,0,3
201,0,0,0,2017_28098,2,0,3,0,0,3,1,0,1,0,0,0,0,1,0,1
202,0,0,0,2013_28112,0,0,0,0,1,0,0,0,0,0,0,0,0,0,0,0
203,1,1,1,2015_28112,0,0,0,0,2,0,0,0,0,0,0,0,0,0,0,0
204,0,0,0,2016_28112,0,0,0,0,1,0,0,0,0,0,0,0,0,0,0,0
205,0,0,0,2017_28112,0,0,0,0,2,0,0,0,0,0,0,0,0,0,0,0
206,1,1,1,2013_28120,8,4,0,3,0,0,3,1,0,1,0,0,0,1,0,0
207,0,0,1,2014_28120,13,5,0,3,2,0,3,0,1,0,0,3,1,2,1,1
208,0,1,1,2015_28120,14,5,1,3,2,0,4,1,0,1,1,3,1,2,1,0
209,0,0,0,2016_28120,13,5,2,2,3,2,3,1,0,1,1,4,0,1,3,0
210,0,0,0,2017_28120,17,6,1,3,4,1,4,1,1,1,0,4,2,3,2,2
211,1,1,1,2013_28127,1,0,0,0,0,0,0,0,0,0,0,0,0,0,0,0
212,0,1,1,2014_28127,1,0,0,0,0,0,0,0,0,0,0,0,0,0,0,0
213,0,0,0,2015_28127,1,0,0,0,0,0,0,0,0,0,0,0,0,0,0,0
214,0,0,0,2016_28127,1,0,0,0,0,0,0,0,0,0,0,0,0,0,0,0
215,0,0,1,2017_28127,1,0,0,0,0,0,0,0,0,0,0,0,0,0,0,0
216,0,0,1,2013_28164,4,0,1,0,0,0,1,0,0,0,0,0,0,1,1,0
217,0,0,0,2016_28164,10,1,1,0,1,0,3,0,1,0,0,0,0,3,1,1
218,0,0,0,2017_28164,10,1,2,0,0,0,3,0,0,0,0,0,0,3,1,1
219,0,0,0,2013_28205,107,49,52,26,12,19,13,37,16,31,18,9,6,9,14,16
220,1,1,1,2014_28205,105,53,53,28,15,25,15,44,14,38,16,11,9,7,17,15
221,1,1,1,2015_28205,113,61,55,42,23,25,12,47,21,39,18,13,13,10,27,17
222,1,1,1,2016_28205,133,65,75,39,31,30,11,56,25,48,22,15,18,14,25,17
223,0,0,0,2013_28206,12,2,4,2,5,6,2,12,9,7,6,0,0,1,2,0
224,1,1,1,2014_28206,20,7,5,2,9,10,5,14,12,9,3,0,0,2,3,1
225,0,0,0,2015_28206,24,12,9,7,13,16,5,13,20,8,6,0,1,2,3,1
226,0,0,0,2016_28206,25,13,14,5,14,12,7,16,19,9,8,1,1,1,5,2
227,0,0,1,2017_28206,25,15,15,4,16,15,6,18,21,11,13,1,2,3,6,2
228,0,0,1,2013_28208,59,30,21,4,9,11,16,15,10,12,19,4,6,16,5,7
229,1,1,1,2014_28208,64,37,28,10,11,13,16,15,12,12,24,4,10,16,7,8
230,0,0,1,2015_28208,89,49,31,10,11,19,19,17,14,15,24,9,11,24,7,14
231,0,0,1,2016_28208,90,47,27,12,24,22,20,19,18,17,24,9,12,21,11,15
232,0,1,1,2017_28208,91,53,33,12,23,21,17,20,17,19,30,7,10,22,10,15
233,0,0,0,2013_28212,19,7,7,2,4,17,4,2,4,2,2,2,1,1,4,1
234,0,0,0,2014_28212,18,8,6,2,9,25,4,3,10,2,1,1,3,2,3,2
235,0,0,0,2015_28212,27,15,10,10,16,32,6,4,5,4,2,3,5,6,5,3
236,0,1,1,2016_28212,31,16,14,8,16,31,6,6,7,4,1,3,1,6,5,3
237,0,0,1,2017_28212,34,14,12,7,18,37,5,4,10,2,3,5,3,8,7,3
238,1,1,1,2013_28213,40,21,18,15,8,13,5,2,3,2,8,5,3,7,3,6
239,0,0,1,2014_28213,41,27,19,16,9,15,5,4,5,3,7,6,8,7,2,4
240,0,0,1,2015_28213,45,23,24,23,13,15,6,4,11,3,7,7,6,8,4,5
241,0,0,1,2016_28213,52,29,23,24,17,14,8,4,13,3,8,7,5,13,4,6
242,0,0,1,2017_28213,57,28,24,26,19,22,9,6,13,4,10,6,9,14,5,5
243,0,0,1,2017_28214,21,7,7,5,11,10,2,2,9,2,8,1,4,3,4,0
244,1,1,1,2013_28215,16,1,2,2,2,1,2,0,4,0,0,4,0,2,3,0
245,1,1,1,2014_28215,22,3,3,5,5,5,4,0,4,0,2,6,2,7,4,4
246,0,0,1,2015_28215,23,4,4,3,4,6,3,0,8,0,3,5,4,7,4,3
247,1,1,1,2016_28215,32,7,8,5,5,6,3,0,3,0,2,7,3,10,3,4
248,0,0,1,2017_28215,33,8,7,5,13,8,3,0,10,0,2,5,5,12,4,7
249,0,0,0,2013_28216,46,21,35,11,7,1,10,7,6,7,10,0,6,17,2,6
250,0,0,1,2014_28216,55,23,44,12,10,9,14,7,10,7,9,3,9,23,1,8
251,0,0,1,2015_28216,60,29,45,17,24,10,14,7,16,7,15,4,6,24,4,10
252,0,0,0,2016_28216,64,31,61,20,29,15,14,8,24,7,14,4,10,23,6,10
253,0,0,1,2017_28216,71,31,63,25,25,14,16,9,24,8,13,8,18,26,7,12
254,1,1,1,2013_28217,79,29,34,10,21,27,13,12,16,10,35,4,5,13,9,11
255,1,1,1,2014_28217,87,34,37,13,35,42,16,15,22,12,45,4,4,14,9,12
256,0,0,1,2015_28217,87,43,49,19,44,46,18,15,24,11,44,5,8,10,12,10
257,0,0,0,2016_28217,92,50,54,19,51,48,19,16,30,15,47,5,10,14,13,11
258,0,0,1,2017_28217,97,48,50,25,58,44,20,20,31,18,54,6,10,15,13,13
259,0,0,0,2013_28227,53,16,18,9,10,17,12,9,10,9,5,6,3,8,5,10
260,0,0,0,2015_28227,62,26,21,17,19,25,13,10,7,10,7,7,10,12,5,13
261,0,0,1,2016_28227,66,26,27,15,23,27,12,11,16,11,6,8,10,11,8,13
262,0,0,1,2017_28227,72,28,32,19,33,24,12,13,21,13,8,10,8,15,8,16
263,0,0,0,2016_28501,0,0,0,0,0,0,0,0,0,0,0,0,0,0,1,0
264,0,0,0,2017_28501,0,0,0,0,0,0,0,0,0,0,0,0,0,0,1,0
265,0,1,1,2017_28658,0,0,0,0,0,0,0,0,0,0,0,0,0,0,0,0
266,0,1,1,2015_29204,0,0,0,0,0,0,0,0,0,0,1,0,0,0,0,0
267,0,0,0,2016_29204,0,0,0,0,0,0,0,0,0,0,1,0,0,0,0,0
268,0,0,0,2017_29204,0,0,0,0,0,0,0,0,0,0,1,0,0,0,0,0
269,0,0,0,2014_29432,1,0,0,0,0,0,1,1,0,1,0,0,0,0,0,0
270,0,0,0,2015_29432,1,0,0,0,0,0,1,1,0,1,0,0,0,0,0,0
271,0,0,0,2016_29432,1,0,0,0,0,0,1,1,0,1,0,0,0,0,0,0
272,1,1,1,2017_29432,1,0,0,0,0,0,1,1,0,1,0,0,0,0,0,0
273,1,1,1,2013_29720,0,0,0,1,0,0,0,0,0,0,0,0,1,0,0,0
274,0,1,1,2015_29720,1,0,0,0,0,0,0,0,0,0,0,0,0,0,0,0
275,0,0,1,2016_29720,1,0,0,0,0,0,0,0,0,0,0,0,0,0,0,0
276,1,1,1,2013_29730,13,1,2,0,0,4,4,1,0,1,6,1,0,3,1,2
277,0,0,0,2014_29730,15,2,3,0,3,3,4,0,1,0,7,1,0,4,2,2
278,1,1,1,2015_29730,15,2,5,1,4,6,3,0,2,0,11,1,0,2,4,2
279,0,0,0,2016_29730,17,5,6,2,4,9,4,3,2,2,9,0,0,3,4,3
280,1,1,1,2017_29730,21,7,9,1,6,12,4,4,3,4,13,1,0,4,3,2
281,0,0,0,2013_29745,2,1,1,0,0,1,1,0,0,0,0,0,0,0,0,0
282,0,0,1,2014_29745,1,0,1,0,0,1,1,0,0,0,0,0,0,0,0,0
283,0,0,1,2015_29745,2,1,1,0,0,1,1,0,0,0,0,0,0,0,0,0
284,0,0,1,2016_29745,2,1,1,0,0,1,1,0,0,0,0,0,0,0,0,0
285,0,0,1,2017_29745,1,1,1,0,0,2,0,0,0,0,0,0,0,0,0,0
286,0,0,1,2014_34667,1,0,0,0,0,0,1,0,0,0,0,0,0,1,0,0
287,0,0,0,2015_34667,1,0,0,0,0,0,1,0,0,0,0,0,0,1,0,0
288,0,0,0,2016_34667,1,0,0,0,0,0,1,0,0,0,0,0,0,1,0,0
289,0,0,1,2017_34667,1,0,0,0,0,0,1,0,0,0,0,0,0,1,0,0
290,0,0,0,2013_44035,45,17,16,3,2,7,16,9,1,9,5,5,2,10,3,8
291,0,0,0,2014_44035,56,12,8,5,5,5,26,13,1,12,7,6,2,10,4,9
292,0,0,0,2015_44035,62,16,20,10,8,15,23,11,3,10,9,9,3,15,3,11
293,0,0,1,2016_44035,64,19,20,13,11,13,24,12,4,11,9,10,5,14,4,13
294,0,0,1,2017_44035,68,21,20,11,12,13,24,10,5,9,9,12,5,15,4,13
295,0,0,0,2013_44052,11,3,0,0,1,1,4,1,0,1,2,2,0,0,2,2
296,0,0,0,2014_44052,11,5,2,1,3,0,4,0,3,0,3,2,0,0,3,1
297,0,0,0,2015_44052,18,6,2,0,3,0,5,2,3,2,3,5,0,1,3,2
298,0,0,1,2016_44052,18,7,3,1,5,1,4,2,2,2,2,5,0,2,3,2
299,0,0,0,2017_44052,13,5,1,0,2,1,3,1,3,1,1,2,0,2,2,2
300,0,0,0,2013_44053,9,2,4,3,2,0,1,1,2,1,1,1,1,1,0,0
301,0,0,0,2014_44053,11,4,5,1,1,0,1,1,1,1,2,2,2,1,0,1
302,0,0,0,2015_44053,15,5,5,2,3,0,1,3,2,2,1,3,5,3,0,2
303,0,1,1,2016_44053,17,3,6,2,4,0,1,3,2,2,2,3,3,2,1,2
304,0,0,1,2017_44053,19,3,4,2,4,0,1,3,1,2,3,3,3,3,1,2
305,0,0,1,2013_44055,2,1,1,0,0,0,0,0,0,0,0,2,2,0,0,0
306,0,1,1,2014_44055,2,0,0,0,0,1,0,1,0,0,1,2,0,0,1,0
307,0,0,0,2015_44055,5,2,0,0,0,0,0,1,0,0,1,2,0,0,1,0
308,0,0,0,2016_44055,3,1,0,0,0,1,0,1,0,0,1,2,0,0,1,0
309,0,0,0,2017_44055,5,1,0,0,1,1,0,0,1,0,0,3,0,0,0,0
310,1,1,1,2013_44092,14,1,4,1,4,5,2,4,2,4,2,3,0,1,2,1
311,0,0,0,2013_44102,39,13,15,5,4,7,6,20,4,20,4,4,2,1,8,2
312,0,1,1,2014_44102,48,18,22,5,6,10,8,21,7,21,4,8,4,1,8,3
313,0,1,1,2015_44102,49,17,22,6,9,10,11,26,7,24,4,6,4,1,6,6
314,0,0,0,2016_44102,50,21,21,7,7,6,8,28,9,26,6,7,3,3,9,6
315,0,0,0,2017_44102,54,24,25,10,3,8,11,27,4,25,5,8,4,4,7,6
316,0,0,1,2013_44103,13,9,4,0,2,1,3,2,3,1,2,1,1,4,1,1
317,0,0,1,2014_44103,19,9,4,2,4,3,4,2,2,1,2,1,1,6,0,1
318,0,0,1,2015_44103,21,12,4,2,3,2,6,2,3,1,2,3,0,2,0,0
319,0,1,1,2016_44103,26,15,4,1,4,4,5,3,1,2,2,4,1,4,0,2
320,0,0,1,2017_44103,23,15,1,0,4,5,5,3,3,2,1,2,0,5,1,2
321,0,0,0,2013_44104,4,2,0,0,0,0,0,0,0,0,0,0,0,2,0,1
322,0,1,1,2014_44104,4,1,0,0,0,0,0,0,0,0,0,0,0,2,0,1
323,0,0,1,2015_44104,5,4,0,0,0,0,0,0,0,0,0,0,0,2,0,2
324,1,1,1,2016_44104,8,3,0,0,0,0,1,0,0,0,0,0,0,3,0,1
325,0,0,1,2017_44104,9,3,0,0,0,1,1,0,0,0,0,0,1,1,0,1
326,0,0,0,2013_44105,3,1,3,1,1,1,1,0,0,0,1,0,1,0,2,0
327,0,0,1,2014_44105,7,2,2,1,1,1,2,2,2,1,0,0,0,0,2,1
328,0,0,1,2015_44105,10,2,4,2,2,1,2,2,2,1,1,1,0,1,1,1
329,0,0,0,2016_44105,11,3,4,2,2,2,2,2,1,2,3,0,1,2,1,1
330,0,0,0,2017_44105,12,1,4,1,4,1,3,3,3,3,5,1,1,1,0,1
331,0,1,1,2013_44106,69,31,9,6,3,5,5,25,3,23,19,7,4,7,4,10
332,1,1,1,2014_44106,72,35,10,4,3,3,7,28,2,27,20,8,6,6,8,10
333,0,0,0,2015_44106,85,41,6,5,6,5,8,30,4,27,22,8,4,7,9,14
334,0,0,0,2016_44106,88,41,12,8,6,4,9,30,5,27,25,9,7,8,7,16
335,0,0,0,2017_44106,88,44,10,4,6,2,10,28,5,26,23,9,9,9,7,17
336,0,0,1,2013_44109,35,15,9,3,6,3,11,8,2,8,1,6,2,8,3,3
337,0,0,0,2014_44109,43,16,9,5,7,6,13,12,3,12,2,7,1,9,4,6
338,0,0,0,2015_44109,44,18,11,11,7,8,12,13,4,13,4,8,2,8,2,7
339,0,0,0,2016_44109,49,19,15,9,8,6,13,13,5,13,3,7,4,10,3,7
340,0,1,1,2017_44109,49,17,15,10,7,6,13,16,5,16,3,9,3,9,5,8
341,0,0,0,2013_44110,9,3,4,0,2,1,1,4,2,4,2,1,0,0,0,0
342,0,0,0,2014_44110,15,8,3,0,0,0,1,3,1,3,1,2,0,2,0,3
343,0,0,1,2015_44110,17,7,1,0,1,0,2,5,3,5,1,3,0,2,1,4
344,0,0,1,2016_44110,16,7,4,0,1,1,2,4,2,4,1,3,0,1,1,1
345,0,0,0,2017_44110,19,7,3,0,2,1,6,6,0,6,2,3,0,1,1,2
346,0,0,1,2013_44111,47,19,18,4,6,9,10,9,5,8,3,5,4,5,0,4
347,0,0,1,2014_44111,66,25,24,8,6,12,10,15,8,14,3,9,5,8,3,6
348,0,0,0,2015_44111,60,26,24,9,7,14,9,14,5,12,4,9,5,8,2,4
349,0,0,0,2016_44111,61,27,28,9,9,15,8,12,7,10,5,8,11,10,3,6
350,0,0,0,2017_44111,67,32,17,6,12,13,10,15,6,13,5,10,8,11,4,7
351,0,0,1,2013_44112,2,2,1,0,0,1,0,0,1,0,0,1,1,1,0,0
352,1,1,1,2014_44112,5,3,2,1,0,0,0,0,1,0,0,2,1,1,0,0
353,0,0,0,2015_44112,4,1,1,0,1,1,0,0,1,0,0,2,0,0,0,0
354,0,0,1,2016_44112,7,3,2,2,1,1,0,0,1,0,0,3,0,1,0,1
355,0,1,1,2017_44112,12,2,1,1,2,1,2,0,3,0,0,3,0,4,0,1
356,0,0,1,2013_44117,2,0,1,0,0,1,0,0,1,0,0,0,0,0,1,0
357,0,0,1,2014_44117,5,2,0,0,0,2,0,0,0,0,1,0,0,1,1,0
358,1,1,1,2015_44117,5,1,1,0,0,1,0,0,1,0,0,0,0,2,1,1
359,0,0,0,2016_44117,8,3,0,0,1,2,0,0,0,0,1,1,0,1,1,2
360,0,0,0,2017_44117,7,3,0,0,0,2,0,0,0,0,2,1,0,1,1,2
361,0,1,1,2013_44119,9,4,0,1,0,1,5,2,0,2,0,1,1,0,0,2
362,0,0,1,2014_44119,17,6,0,1,0,5,5,4,1,4,0,2,2,1,0,1
363,0,0,0,2015_44119,18,7,0,1,1,4,5,6,1,5,0,2,1,2,0,2
364,0,0,1,2016_44119,19,6,2,1,1,1,6,4,2,3,1,2,1,2,0,3
365,0,0,0,2017_44119,21,6,1,2,1,4,5,6,2,4,1,2,1,1,0,4
366,0,0,1,2013_44120,23,8,7,0,1,3,4,5,4,5,1,1,1,1,1,1
367,0,0,1,2014_44120,24,9,9,2,3,3,2,4,4,4,1,4,1,0,1,2
368,0,1,1,2015_44120,26,9,8,3,4,5,2,5,3,4,0,4,1,1,2,4
369,1,1,1,2016_44120,29,12,8,4,5,6,4,4,5,3,1,5,0,1,5,3
370,1,1,1,2017_44120,30,13,10,6,7,6,5,4,4,3,2,4,4,3,4,2
371,0,0,1,2013_44123,13,3,0,0,1,2,2,6,0,6,1,4,1,0,0,1
372,0,0,0,2014_44123,16,4,0,1,2,1,2,5,1,5,2,5,1,2,1,1
373,0,0,0,2015_44123,18,5,1,3,2,1,3,7,2,7,1,5,1,2,1,1
374,0,0,0,2016_44123,19,5,1,3,2,1,3,7,2,7,2,7,1,1,1,1
375,0,0,0,2017_44123,20,5,0,3,1,1,3,6,0,6,1,7,0,3,1,1
376,0,0,0,2013_44125,20,6,3,1,2,3,7,6,2,6,1,2,3,2,2,3
377,0,0,0,2014_44125,27,10,7,2,4,1,8,7,2,7,2,2,1,4,2,2
378,0,0,0,2015_44125,28,9,4,4,7,4,8,6,3,6,3,4,5,5,1,2
379,0,1,1,2016_44125,28,10,8,4,10,3,9,6,6,6,2,6,5,4,3,5
380,0,0,0,2017_44125,33,11,6,4,10,5,8,5,5,5,2,7,5,5,3,4
381,0,0,1,2013_44127,2,0,0,0,0,0,0,0,0,0,0,2,0,1,0,0
382,0,0,0,2014_44127,1,0,0,0,0,0,0,0,0,0,0,1,0,1,0,0
383,1,1,1,2015_44127,1,0,0,0,0,0,0,0,0,0,0,1,0,1,0,0
384,0,0,1,2016_44127,3,0,0,0,0,0,0,0,0,0,0,2,0,1,0,0
385,0,0,1,2017_44127,4,0,0,0,0,0,1,0,0,0,0,2,0,2,0,0
386,0,0,0,2013_44128,18,8,7,0,5,1,1,2,3,2,2,2,2,3,2,3
387,0,0,0,2014_44128,21,10,5,2,3,5,2,3,4,3,2,1,0,6,1,3
388,0,0,0,2015_44128,22,12,6,1,8,8,4,3,8,3,1,0,0,6,3,3
389,0,0,1,2016_44128,27,11,7,2,9,7,3,4,6,4,4,2,2,9,6,2
390,0,0,1,2017_44128,30,12,12,1,11,13,5,4,7,4,4,1,3,7,4,5
391,0,0,1,2014_44129,48,18,20,7,4,18,14,11,5,9,5,8,5,9,3,5
392,0,0,0,2015_44130,95,43,34,20,12,28,18,26,11,25,18,15,9,14,11,12
393,0,0,1,2013_44132,2,0,3,0,1,1,0,0,1,0,0,0,0,0,0,1
394,1,1,1,2014_44132,5,0,3,1,1,3,1,0,2,0,0,0,2,1,0,2
395,0,0,0,2015_44132,4,0,4,0,0,3,1,0,1,0,0,0,0,2,0,1
396,0,0,0,2016_44132,5,0,2,0,2,3,1,0,1,0,1,0,2,2,0,1
397,0,0,0,2017_44132,6,0,2,0,4,3,1,0,1,0,2,1,2,2,0,1
398,0,0,0,2016_44134,50,23,14,13,8,13,7,14,6,14,6,12,3,9,2,8
399,0,0,0,2017_44134,49,24,13,11,13,14,8,11,9,11,4,12,5,8,3,6
400,1,1,1,2013_44135,43,17,3,0,1,7,10,11,3,11,10,8,0,2,2,13
401,0,0,1,2014_44135,38,18,6,2,4,12,10,10,5,10,8,7,0,2,2,10
402,0,0,1,2015_44135,39,17,3,3,4,18,10,11,4,11,11,8,0,6,1,13
403,0,0,0,2016_44135,40,18,8,2,10,24,12,12,8,12,12,4,1,8,0,11
404,0,0,0,2017_44135,43,21,11,3,9,22,14,13,6,13,11,9,1,7,0,10
405,0,0,1,2013_44137,9,3,2,0,0,1,0,0,0,0,2,1,0,2,0,0
406,0,0,0,2014_44137,14,7,4,1,1,1,3,1,1,1,4,2,0,4,1,1
407,0,0,0,2015_44137,14,2,2,1,1,1,1,1,1,1,3,5,0,3,0,1
408,0,0,0,2016_44137,15,5,5,4,0,3,2,0,2,0,6,5,0,3,0,1
409,0,1,1,2017_44137,17,6,1,2,3,3,3,0,2,0,4,5,0,4,2,1
410,0,0,1,2014_44142,19,3,1,1,5,10,3,3,4,3,7,5,1,4,2,3
411,0,0,0,2015_44142,21,2,3,1,5,9,4,5,4,4,5,5,0,4,3,2
412,0,0,0,2016_44142,23,5,2,0,4,12,3,7,4,5,9,5,0,8,4,5
413,0,0,0,2017_44142,23,4,3,1,6,12,3,5,5,3,8,6,1,6,6,4
414,1,1,1,2013_44144,26,11,14,3,1,1,11,6,2,6,4,4,1,5,0,2
415,0,0,1,2014_44144,41,21,13,5,3,3,14,10,1,10,7,7,5,6,2,4
416,1,1,1,2015_44144,38,16,12,6,3,6,14,10,4,10,7,5,6,6,2,3
417,0,0,0,2016_44144,45,17,15,8,7,5,16,9,2,9,6,7,6,6,3,5
418,0,0,0,2017_44144,44,18,14,4,6,7,17,12,4,12,6,6,5,6,4,5
419,0,0,1,2013_44146,19,5,11,3,8,17,7,7,1,6,4,0,0,5,2,3
420,0,0,1,2014_44146,25,8,12,5,6,22,9,7,1,7,6,2,2,6,3,5
421,0,0,0,2015_44146,23,11,15,6,9,29,8,8,5,8,7,5,2,2,5,4
422,0,1,1,2016_44146,31,13,18,6,12,33,12,6,5,6,4,3,1,5,5,6
423,0,0,1,2017_44146,34,14,20,6,14,29,12,8,6,7,6,5,4,6,4,6
424,0,0,0,2013_44203,2,1,0,0,1,1,1,0,0,0,0,1,0,0,0,0
425,0,0,0,2014_44203,2,2,0,0,0,1,1,1,0,1,1,0,0,0,1,0
426,0,0,1,2015_44203,4,2,0,0,1,1,1,1,0,1,1,1,0,0,1,0
427,1,1,1,2016_44203,5,3,0,0,2,1,1,1,1,1,1,1,0,0,1,1
428,0,0,1,2017_44203,4,3,0,0,3,1,0,1,2,1,0,1,0,0,0,1
429,0,0,1,2013_44266,1,0,0,0,0,1,0,0,0,0,0,0,0,0,0,0
430,0,0,1,2014_44266,1,1,1,0,0,1,0,0,1,0,0,0,0,0,1,0
431,0,0,0,2015_44266,1,2,0,3,0,0,0,0,0,0,0,0,0,0,1,0
432,0,0,0,2016_44266,1,1,2,1,0,1,0,0,1,0,0,0,0,0,1,0
433,0,0,0,2017_44266,1,1,1,2,0,0,0,0,1,0,0,0,0,0,1,0
434,0,0,0,2013_44310,27,10,5,1,1,4,7,7,2,7,2,7,0,5,2,4
435,0,0,0,2014_44310,25,11,5,3,1,5,6,6,4,6,3,6,1,3,2,1
436,0,0,0,2015_44310,34,10,6,5,1,7,8,8,2,8,2,9,2,3,1,4
437,0,0,0,2016_44310,34,9,10,3,1,8,9,8,2,8,3,8,3,4,1,3
438,0,0,0,2017_44310,34,12,7,5,2,5,9,9,4,9,5,5,3,7,1,6
439,0,0,1,2013_44312,1,0,0,0,0,0,0,0,0,0,0,1,0,0,0,0
440,0,0,0,2017_44312,1,0,0,0,0,0,0,0,0,0,0,1,0,0,0,0
441,0,0,1,2014_44314,1,1,0,0,0,0,0,0,0,0,0,0,0,0,0,0
442,0,0,0,2015_44314,1,1,0,0,0,0,0,0,0,0,0,0,0,0,0,0
443,0,0,0,2016_44314,1,1,0,0,0,0,0,0,0,0,0,0,0,0,0,0
444,0,0,0,2017_44314,1,1,0,0,0,0,0,0,0,0,0,0,0,0,0,0
445,1,1,1,2013_44320,8,1,1,2,0,0,0,1,2,1,1,2,0,0,0,2
446,0,0,0,2014_44320,9,1,0,1,1,3,0,1,0,1,0,1,1,0,1,2
447,0,0,0,2015_44320,14,4,1,1,1,2,1,1,1,1,1,2,2,1,0,3
448,0,0,0,2016_44320,11,1,4,1,2,4,1,1,1,1,1,1,2,0,0,3
449,0,0,0,2017_44320,11,1,6,2,3,5,1,1,3,1,2,2,3,2,1,3
450,0,1,1,2014_45612,0,0,0,1,0,0,0,0,0,0,0,0,0,0,0,0
451,0,0,1,2015_45612,0,0,0,1,0,0,0,0,0,0,0,0,0,0,0,0
452,0,1,1,2013_53703,204,106,79,27,22,8,35,90,12,85,45,16,14,10,11,25
453,0,0,0,2015_53703,232,123,79,32,36,7,42,108,19,103,53,18,17,13,18,30
454,0,0,0,2016_53703,236,127,74,35,35,9,38,107,20,102,53,20,18,13,21,27
455,0,0,0,2017_53703,245,134,74,35,38,9,38,121,16,116,55,21,16,12,21,33
456,0,1,1,2013_53713,37,18,19,2,17,18,12,12,8,9,14,3,2,7,6,5
457,1,1,1,2014_53713,40,20,15,1,22,18,13,13,14,9,14,3,4,9,6,5
458,0,0,1,2015_53713,39,20,22,3,30,28,12,11,12,9,15,3,3,8,8,7
459,0,0,0,2016_53713,41,25,25,6,32,26,14,14,15,11,16,4,2,10,8,5
460,0,0,0,2017_53713,41,23,26,5,35,28,13,13,15,11,14,4,3,9,9,6
461,0,0,1,2013_53714,11,7,5,2,4,10,2,2,4,2,3,1,1,0,2,0
462,0,0,0,2014_53714,12,6,8,3,1,9,1,2,4,2,3,1,3,0,6,0
463,0,0,0,2015_53714,13,8,6,3,5,10,2,3,6,3,3,1,4,0,5,0
464,0,0,1,2016_53714,15,8,9,3,8,9,2,5,9,5,3,1,3,0,5,0
465,1,1,1,2017_53714,15,8,11,3,9,7,2,5,7,4,4,2,3,0,8,0
466,0,0,0,2016_60435,0,0,0,0,0,0,0,0,0,0,0,0,0,0,0,0
467,0,0,0,2017_60435,0,0,0,0,0,0,0,0,0,0,0,0,0,0,0,0
468,0,0,0,2013_61801,53,29,15,7,2,4,6,7,7,4,14,8,6,7,8,7
469,0,0,0,2014_61801,61,32,14,7,12,6,6,7,11,5,15,8,9,8,12,9
470,1,1,1,2015_61801,63,41,23,9,14,7,7,7,11,4,19,7,11,11,13,7
471,0,1,1,2016_61801,58,32,21,11,10,5,7,10,12,7,19,6,9,10,10,7
472,1,1,1,2017_61801,57,30,18,6,16,6,7,7,8,5,16,7,10,9,11,9
473,0,0,0,2013_61802,21,13,12,5,9,15,4,1,5,1,6,5,0,0,1,1
474,0,0,0,2014_61802,23,12,15,4,14,18,5,4,11,3,5,4,2,2,1,2
475,0,0,1,2016_61802,23,16,21,7,15,17,6,5,9,3,9,3,2,4,6,2
476,0,0,0,2013_61820,155,62,60,34,22,16,18,39,26,36,24,20,19,16,6,20
477,0,0,1,2014_61820,160,69,81,42,35,19,21,42,30,40,26,20,20,21,8,20
478,0,1,1,2015_61820,168,71,77,47,36,18,19,50,36,45,29,24,21,22,10,23
479,0,1,1,2016_61820,177,81,82,47,46,21,25,52,40,49,27,22,23,22,11,20
480,0,0,1,2017_61820,187,90,76,50,50,21,26,51,40,48,25,21,22,23,10,21
481,0,0,0,2013_61866,14,6,4,0,0,2,3,0,0,0,1,3,1,3,0,1
482,0,0,0,2014_61866,13,6,3,1,0,2,4,1,0,1,2,2,1,2,0,2
483,1,1,1,2015_61866,18,6,1,1,0,4,3,1,0,1,2,3,0,4,0,2
484,0,1,1,2016_61866,20,7,1,0,0,3,3,1,0,1,1,4,0,4,0,2
485,0,1,1,2017_61866,22,6,2,0,0,1,4,1,0,1,2,3,1,5,0,4
486,0,0,1,2013_85007,25,9,11,5,11,11,4,5,9,4,6,2,1,1,8,4
487,0,0,1,2014_85007,32,12,14,6,14,11,4,8,10,6,9,2,2,3,7,4
488,0,0,0,2015_85007,31,17,15,6,16,14,2,6,16,4,13,2,1,3,11,5
489,0,0,0,2016_85007,33,14,14,4,18,15,4,6,20,4,11,3,3,3,14,5
490,1,1,1,2017_85007,34,20,14,7,20,13,3,6,19,5,12,3,6,5,13,6
491,1,1,1,2013_85008,64,22,21,5,26,25,11,11,18,10,24,5,14,13,12,9
492,0,1,1,2014_85008,67,30,22,8,41,41,11,14,21,12,28,5,19,11,12,9
493,0,0,1,2015_85008,74,29,31,10,49,47,12,12,28,11,33,6,21,15,15,13
494,0,1,1,2016_85008,70,27,34,8,55,42,12,13,30,12,33,6,23,12,10,14
495,0,0,0,2017_85008,69,29,41,11,59,51,11,14,31,12,36,4,27,14,12,13
496,0,0,1,2013_85015,44,17,32,21,16,16,4,5,9,4,2,4,28,17,6,7
497,0,0,1,2014_85015,48,21,32,25,24,19,4,4,16,3,2,5,37,19,6,8
498,0,0,1,2015_85015,51,26,42,30,32,23,5,5,17,4,3,6,42,18,6,9
499,1,1,1,2016_85015,50,25,42,32,33,22,5,7,21,6,4,5,43,19,8,11
500,0,0,0,2017_85015,56,30,42,34,35,26,5,8,26,7,5,6,46,21,10,10
501,0,0,1,2013_85021,49,22,27,12,40,25,8,9,26,8,16,5,14,7,6,5
502,0,0,1,2014_85021,54,24,20,18,47,27,8,8,21,7,12,5,27,7,10,7
503,0,0,0,2015_85021,57,33,31,18,58,40,8,9,36,8,15,7,29,9,10,7
504,0,0,0,2016_85021,52,26,29,18,61,41,8,10,36,8,16,6,41,10,10,6
505,0,0,0,2017_85021,52,26,27,20,64,37,8,10,33,8,15,6,37,9,9,6
506,0,1,1,2014_85023,45,29,34,13,37,40,5,5,14,4,19,4,9,11,7,6
507,0,1,1,2015_85023,48,29,42,16,43,49,5,7,16,5,21,3,13,13,7,7
508,0,0,0,2016_85023,45,30,47,17,48,49,6,5,19,3,23,3,19,13,6,7
509,0,0,1,2013_85031,24,6,6,1,4,3,3,1,1,1,0,1,1,1,3,0
510,0,0,1,2014_85031,32,9,10,2,3,2,3,1,2,1,0,3,6,4,2,1
511,0,0,1,2015_85031,39,9,11,4,3,4,3,1,3,1,1,3,5,7,3,2
512,1,1,1,2016_85031,36,13,14,5,7,6,3,2,2,2,0,4,7,5,4,1
513,0,0,0,2017_85031,44,12,18,8,9,6,3,1,4,1,1,2,9,9,4,1
514,0,1,1,2013_85033,29,6,13,7,4,6,4,3,4,3,1,3,3,4,3,0
515,0,0,1,2014_85033,37,13,20,14,3,7,3,3,7,3,2,6,8,9,4,1
516,0,1,1,2015_85033,51,17,27,19,7,11,4,4,9,3,3,10,8,14,6,3
517,1,1,1,2016_85033,54,19,30,21,8,10,4,4,14,3,1,10,7,16,6,3
518,0,1,1,2017_85033,54,21,37,17,10,10,4,4,14,3,3,11,10,12,7,3
519,0,0,1,2013_85035,31,8,7,3,8,8,10,5,2,3,6,1,4,7,0,3
520,0,0,1,2014_85035,35,13,12,2,9,12,10,4,4,3,7,1,6,10,0,4
521,1,1,1,2015_85035,43,15,14,5,16,12,13,7,8,6,7,3,8,12,2,5
522,0,0,0,2016_85035,40,15,17,7,18,13,11,6,7,5,6,4,10,10,0,3
523,0,0,0,2017_85035,44,14,16,5,20,10,11,6,8,5,7,3,12,12,1,3
524,0,0,1,2013_85037,19,10,12,8,5,4,2,3,1,2,1,3,19,5,3,3
525,1,1,1,2014_85037,22,12,14,11,4,9,2,1,4,1,1,3,27,9,2,5
526,0,1,1,2015_85037,25,13,15,14,9,12,3,4,3,3,1,3,36,11,3,5
527,0,1,1,2016_85037,25,16,15,15,11,15,3,3,7,3,1,4,35,9,3,6
528,0,0,0,2017_85037,27,17,16,16,16,14,3,3,9,3,1,4,49,10,3,6
529,0,0,1,2013_85041,21,11,11,7,7,10,0,1,3,1,2,3,6,5,3,3
530,0,0,1,2014_85041,22,12,11,14,12,11,0,1,7,1,2,2,6,7,2,4
531,0,0,0,2015_85041,28,14,15,12,11,14,0,1,7,1,5,2,8,8,3,5
532,0,1,1,2016_85041,27,17,17,15,11,15,0,1,8,1,5,1,10,8,3,4
533,1,1,1,2017_85041,32,18,14,18,11,22,0,1,8,1,6,2,8,11,4,4
534,0,0,1,2013_85043,18,8,13,1,20,10,3,0,12,0,10,2,1,6,2,3
535,0,0,1,2014_85043,25,14,15,5,26,16,4,2,15,2,11,3,6,6,1,5
536,0,0,0,2015_85043,34,19,19,8,24,20,5,2,16,2,17,4,3,10,2,8
537,0,1,1,2016_85043,34,15,23,7,31,22,6,2,19,2,12,4,4,10,3,7
538,0,1,1,2017_85043,36,18,23,6,34,22,5,2,21,2,11,2,8,12,2,8
539,0,1,1,2013_85051,61,28,45,13,22,12,14,13,16,12,13,8,6,6,5,5
540,0,0,1,2014_85051,71,34,50,25,25,17,15,14,17,13,12,8,18,8,7,9
541,0,0,1,2015_85051,78,31,60,23,41,16,14,16,22,14,14,9,27,12,5,11
542,0,0,1,2016_85051,74,34,65,27,40,20,12,18,27,15,14,8,24,12,6,12
543,0,0,0,2017_85051,79,37,70,27,43,26,13,16,23,14,14,8,25,12,7,12
544,1,1,1,2013_85053,49,26,35,12,19,10,8,5,17,4,11,5,15,10,11,7
545,0,0,1,2014_85053,50,28,47,15,33,11,6,6,25,5,14,6,18,9,15,7
546,1,1,1,2015_85053,53,25,56,19,34,9,8,7,24,6,17,7,21,12,11,9
547,0,0,0,2016_85053,55,32,63,24,41,12,8,7,27,5,17,5,27,12,11,11
548,0,0,0,2017_85053,57,30,61,27,45,11,7,6,26,5,21,6,35,12,12,11
549,0,1,1,2013_85201,86,34,53,23,26,46,24,28,21,23,25,8,16,23,16,12
550,0,0,1,2014_85201,94,39,73,39,41,45,24,28,37,22,27,11,28,27,18,13
551,1,1,1,2015_85201,103,48,80,44,56,58,24,32,40,24,28,12,33,31,20,13
552,0,0,1,2016_85201,107,54,80,50,67,71,24,34,47,27,34,14,39,31,26,13
553,0,0,0,2017_85201,113,64,78,51,76,68,27,31,47,26,33,12,42,32,25,17
554,1,1,1,2013_85203,32,21,22,15,21,16,3,3,12,3,5,5,17,5,6,4
555,0,0,0,2014_85203,36,25,36,18,35,18,3,4,21,4,7,5,23,9,6,6
556,0,0,1,2015_85203,42,28,40,15,50,29,3,4,30,4,9,6,34,11,9,7
557,1,1,1,2016_85203,44,26,37,18,54,27,3,3,32,3,6,6,44,12,10,8
558,0,0,1,2017_85203,43,28,41,19,57,31,4,3,35,3,9,6,44,10,10,7
559,0,0,0,2013_85205,49,25,31,17,27,18,13,7,23,6,10,6,24,7,11,12
560,0,0,1,2014_85205,61,30,47,24,47,29,13,9,38,9,11,8,30,13,13,15
561,0,0,1,2015_85205,70,37,55,29,55,45,12,9,44,8,15,9,32,17,14,19
562,0,0,0,2016_85205,72,42,63,35,66,48,14,12,56,10,17,9,44,17,17,20
563,1,1,1,2017_85205,70,39,63,32,71,48,13,11,58,10,21,8,40,17,14,20
564,0,0,0,2017_85206,99,48,105,55,80,46,20,11,48,10,18,7,155,27,23,18
565,1,1,1,2013_85208,5,2,5,2,5,3,1,0,2,0,0,0,3,2,3,1
566,0,0,1,2014_85208,8,4,7,2,4,3,1,0,2,0,1,0,4,4,2,2
567,0,0,1,2015_85208,11,2,6,2,7,3,1,0,2,0,1,1,3,6,2,4
568,0,0,0,2016_85208,11,6,9,4,7,4,2,1,1,1,0,1,5,5,1,3
569,0,0,0,2017_85208,11,6,10,5,5,5,2,1,2,1,1,0,7,6,5,4
570,0,0,0,2013_85281,273,145,148,50,101,100,44,83,66,69,54,28,24,35,53,52
571,1,1,1,2014_85281,296,158,174,60,133,115,51,98,96,82,69,36,32,38,74,62
572,0,0,1,2015_85281,300,169,193,69,155,130,49,83,102,74,75,35,41,41,71,65
573,0,0,1,2016_85281,304,175,202,75,188,161,50,89,125,78,83,32,44,41,72,65
574,0,0,0,2017_85281,318,188,199,79,192,155,52,88,125,75,84,31,49,47,76,68
575,0,0,1,2013_85301,78,29,45,16,26,39,7,15,19,11,5,16,6,11,3,10
576,0,0,1,2014_85301,95,37,50,27,41,43,8,17,25,13,9,18,12,19,5,15
577,0,1,1,2015_85301,100,42,54,28,53,62,8,19,32,16,10,18,15,19,6,14
578,0,0,1,2016_85301,100,48,65,45,59,69,7,24,33,21,10,16,19,20,5,14
579,1,1,1,2017_85301,107,46,67,37,75,74,7,28,36,23,15,17,21,19,7,17
580,0,0,1,2013_85303,12,4,5,2,9,4,0,2,4,1,1,3,1,3,0,0
581,1,1,1,2014_85303,12,7,5,3,9,10,0,4,8,3,1,2,2,3,0,1
582,0,0,1,2015_85303,12,8,6,3,11,11,0,4,6,3,2,2,3,4,0,0
583,0,0,1,2016_85303,15,12,9,3,14,17,0,3,6,3,2,3,1,5,0,1
584,0,1,1,2017_85303,14,11,9,4,15,14,0,4,7,4,3,3,2,4,0,1
585,0,0,0,2013_85307,7,3,3,1,5,4,2,2,3,2,0,1,1,4,3,1
586,0,1,1,2014_85307,8,4,5,2,8,5,2,2,5,2,0,1,1,6,3,1
587,1,1,1,2015_85307,8,4,7,5,7,7,2,3,4,2,0,1,1,6,2,1
588,0,0,1,2016_85307,10,4,6,4,10,6,2,4,5,2,1,1,2,7,4,1
589,0,0,0,2017_85307,11,7,5,4,9,9,2,3,4,2,2,1,3,6,3,2
590,0,0,1,2013_85323,44,22,28,16,9,29,6,1,13,1,5,6,5,16,7,7
591,1,1,1,2014_85323,52,27,27,22,11,38,6,2,13,2,7,5,7,22,6,8
592,0,0,0,2015_85323,58,37,45,24,19,44,8,4,16,4,11,10,10,21,11,7
593,0,0,0,2016_85323,59,40,40,28,26,46,9,4,24,4,11,8,13,22,11,8
594,0,1,1,2017_85323,65,36,40,23,32,47,9,5,24,5,12,8,13,23,12,9
595,1,1,1,2013_85335,15,7,5,5,5,7,0,1,6,1,2,4,0,3,5,1
596,0,1,1,2014_85335,13,9,7,8,8,11,0,1,13,1,2,3,1,4,6,1
597,0,0,0,2015_85335,15,9,7,9,7,14,0,1,7,1,2,3,2,5,5,1
598,0,0,1,2016_85335,16,11,10,8,13,15,0,2,12,2,2,3,3,4,9,2
599,0,0,1,2017_85335,16,10,12,8,9,20,0,2,16,2,3,3,1,5,8,2
600,0,0,1,2013_85345,61,28,41,14,32,24,8,13,18,10,9,9,9,11,12,8
601,0,0,1,2014_85345,69,33,54,22,46,29,11,17,27,15,13,8,17,16,17,9
602,1,1,1,2015_85345,81,44,60,21,55,54,13,17,32,15,13,14,21,19,18,11
603,0,0,0,2016_85345,82,48,66,33,74,56,12,18,33,17,22,15,27,20,20,11
604,0,0,0,2017_85345,84,52,72,31,77,66,12,18,49,17,23,15,28,21,20,10
605,0,0,0,2015_85350,1,1,0,0,0,0,0,0,0,0,0,0,0,0,0,0
606,1,1,1,2017_85350,1,1,0,0,0,0,0,0,0,0,0,0,0,0,0,0
607,0,0,0,2013_85353,17,9,11,9,4,7,3,2,2,1,2,3,2,3,2,1
608,1,1,1,2014_85353,22,12,16,11,7,10,2,3,8,1,5,3,5,5,2,2
609,0,0,0,2015_85353,23,11,14,10,9,10,2,2,7,1,5,3,4,4,4,2
610,0,0,1,2013_85363,4,3,2,3,6,3,2,0,3,0,1,0,1,1,1,1
611,0,1,1,2014_85363,5,5,6,2,8,6,2,0,4,0,3,0,2,1,1,1
612,0,1,1,2015_85363,4,2,9,3,10,4,2,0,7,0,3,0,3,1,2,1
613,0,0,0,2016_85363,6,3,10,2,7,7,2,0,8,0,4,0,4,1,2,1
614,0,0,0,2017_85363,5,4,11,6,10,6,2,0,9,0,4,0,5,1,2,1
615,1,1,1,2014_85705,0,0,1,0,0,0,0,0,0,0,0,0,0,0,0,0
616,0,0,0,2015_85705,0,0,1,0,0,0,0,0,0,0,0,0,0,0,0,0
617,0,0,1,2013_89015,82,45,45,23,14,27,14,9,9,8,20,8,21,25,17,10
618,1,1,1,2014_89015,83,43,53,28,23,35,13,11,24,9,16,10,27,27,20,11
619,0,1,1,2015_89015,91,45,62,31,34,37,16,10,31,9,18,11,33,28,24,14
620,0,0,1,2016_89015,85,43,63,34,45,44,14,10,40,9,15,11,41,28,22,14
621,0,0,0,2017_89015,91,48,67,27,49,48,15,14,39,12,18,11,42,29,24,14
622,0,1,1,2013_89032,57,24,32,22,23,16,9,9,24,7,7,7,18,12,7,5
623,0,0,1,2013_89101,134,77,54,19,34,17,24,77,28,60,61,14,8,14,24,12
624,0,1,1,2014_89101,167,102,77,25,52,25,33,95,44,77,70,16,17,16,33,21
625,0,1,1,2015_89101,177,109,81,28,63,28,32,98,53,81,86,15,18,16,35,30
626,0,0,0,2016_89101,190,110,85,33,79,39,32,101,64,85,87,18,29,20,32,30
627,0,0,0,2017_89101,185,113,89,34,103,42,34,106,67,88,89,17,31,17,41,33
628,0,0,0,2013_89102,198,85,144,60,83,88,23,52,76,44,38,16,59,31,22,18
629,1,1,1,2014_89102,213,101,162,75,117,107,27,56,109,49,36,17,82,34,21,20
630,0,0,0,2015_89102,226,115,183,93,161,132,26,62,135,53,41,19,108,37,26,22
631,0,0,1,2016_89102,243,123,200,98,168,136,26,59,135,55,49,19,109,34,28,23
632,0,0,0,2017_89102,250,128,215,104,184,149,27,62,148,54,50,21,126,38,32,22
633,0,0,0,2013_89104,121,62,88,34,29,59,12,39,31,29,32,12,23,19,17,8
634,1,1,1,2014_89104,138,69,107,45,36,69,14,44,36,30,43,13,32,31,21,9
635,0,0,1,2015_89104,147,81,120,53,43,85,14,51,52,36,53,16,44,33,24,12
636,0,0,1,2016_89104,145,83,129,61,55,94,13,52,55,38,55,16,56,32,21,12
637,0,0,0,2017_89104,154,87,138,62,58,105,16,54,62,37,48,17,58,35,24,11
638,0,0,1,2013_89106,40,28,87,12,11,9,2,5,13,2,4,1,26,11,4,7
639,1,1,1,2014_89106,42,29,92,14,18,9,2,3,13,1,5,2,46,13,4,7
640,0,0,0,2015_89106,46,31,111,23,24,16,5,7,20,2,7,2,66,16,5,7
641,0,0,0,2016_89106,44,28,107,16,26,14,5,4,24,1,5,2,69,17,6,7
642,0,0,0,2017_89106,49,31,109,21,24,17,7,3,21,1,8,3,86,18,5,7
643,0,0,0,2013_89108,65,33,56,20,36,22,14,10,23,10,11,9,13,9,10,6
644,0,1,1,2014_89108,74,35,62,32,48,28,16,10,31,9,12,10,22,15,12,8
645,0,0,0,2015_89108,76,41,74,37,66,40,14,8,42,8,14,12,19,17,14,8
646,0,0,0,2016_89108,80,38,81,37,81,44,15,10,50,10,19,12,22,18,16,10
647,0,0,1,2017_89108,84,41,80,35,89,43,16,10,48,10,19,12,20,18,16,8
648,0,0,1,2013_89110,49,18,18,10,8,13,8,6,5,5,2,7,8,14,0,3
649,0,0,1,2014_89110,55,21,32,12,11,19,7,6,9,5,4,9,17,17,0,4
650,0,0,0,2015_89110,62,24,33,18,20,26,9,8,13,7,4,8,19,23,0,6
651,0,0,0,2016_89110,57,27,37,22,29,31,8,8,22,8,4,9,25,18,1,6
652,0,0,0,2017_89110,61,28,39,20,32,29,8,7,20,7,8,10,27,19,1,4
653,0,0,1,2013_89115,42,14,11,6,19,26,7,4,10,4,17,5,0,12,5,3
654,1,1,1,2014_89115,44,15,16,6,33,37,7,6,19,5,16,5,2,14,8,5
655,1,1,1,2015_89115,46,14,28,9,39,56,6,5,28,4,21,6,5,15,9,6
656,0,0,0,2016_89115,47,16,26,6,47,58,7,6,29,5,17,6,9,18,8,6
657,0,0,0,2017_89115,52,14,32,11,53,63,6,4,38,4,18,8,10,18,8,8
658,0,0,0,2013_89119,263,143,176,73,59,41,40,79,54,70,70,25,50,48,39,39
659,0,0,0,2014_89119,283,149,202,89,77,45,49,94,79,81,74,24,66,47,45,44
660,0,0,1,2015_89119,300,178,234,93,108,55,50,103,89,87,80,26,88,50,58,49
661,0,0,1,2016_89119,312,182,235,108,110,59,55,113,93,96,87,29,101,51,54,45
662,0,0,0,2017_89119,310,180,252,107,132,59,54,113,105,95,87,25,114,55,56,46
663,0,0,0,2013_89121,131,69,48,38,17,49,24,26,21,25,28,16,34,31,11,17
664,0,0,0,2014_89121,141,69,59,50,33,59,26,27,33,26,27,21,38,30,12,18
665,0,0,0,2015_89121,152,75,77,63,45,74,29,31,45,31,44,18,57,36,15,19
666,0,0,0,2016_89121,150,80,69,65,56,72,28,29,46,29,38,20,68,38,13,22
667,0,0,0,2017_89121,155,82,86,62,61,84,24,31,53,30,42,19,67,36,17,23
668,0,0,0,2013_89122,39,18,12,7,15,24,9,10,10,7,12,4,2,14,15,2
669,0,0,0,2014_89122,38,19,18,8,16,25,9,10,11,7,10,4,4,12,14,2
670,0,0,0,2015_89122,40,20,18,9,23,24,9,11,15,8,13,4,5,15,13,3
671,0,0,0,2016_89122,45,23,20,10,28,29,10,12,16,10,15,4,7,15,17,4
672,0,0,0,2017_89122,46,23,22,12,34,32,10,14,19,11,17,4,7,18,15,3
673,0,0,0,2013_89128,78,46,46,56,28,11,13,13,27,13,24,11,107,19,29,12
674,0,0,1,2014_89142,11,5,6,8,8,6,1,1,3,1,0,3,1,1,4,0
675,0,0,0,2015_89142,16,10,8,11,12,6,2,2,3,2,1,3,1,3,4,2
676,0,0,0,2016_89142,15,8,7,14,11,6,2,2,3,2,1,3,2,2,5,1
677,0,0,0,2017_89142,17,9,8,13,15,7,2,2,3,2,1,4,2,3,5,1
678,0,1,1,2014_89146,164,83,101,62,50,62,11,44,48,34,23,6,74,19,23,21
679,0,0,0,2015_89146,182,90,119,84,73,70,12,45,67,36,25,7,94,24,26,22
680,0,1,1,2016_89146,186,101,119,99,89,75,13,49,62,36,28,9,111,27,29,24
681,0,1,1,2017_89146,191,96,138,108,88,75,14,44,64,33,27,8,127,27,28,25
682,0,0,0,2013_89156,10,7,5,3,4,3,1,3,1,3,0,1,1,1,3,1
683,0,0,1,2014_89156,10,7,4,4,5,4,1,4,1,4,0,1,0,1,4,2
684,0,0,1,2015_89156,13,10,9,4,8,7,1,3,2,3,0,2,1,3,3,2
685,0,0,0,2016_89156,13,10,8,4,9,7,1,3,3,3,0,2,2,3,4,1
686,0,0,0,2017_89156,14,8,9,6,9,6,1,4,3,4,1,2,1,4,3,2
687,0,0,1,2013_89502,1,0,0,0,0,0,0,0,0,0,0,1,0,1,0,0
688,0,0,1,2014_89502,1,0,0,0,0,0,0,0,0,0,0,1,0,1,0,0
689,0,1,1,2015_89502,1,0,0,0,0,0,0,0,0,0,0,1,0,1,0,0
690,0,0,0,2016_89502,1,0,0,0,0,0,0,0,0,0,0,1,0,1,0,0
691,0,0,0,2017_89502,1,0,0,0,0,0,0,0,0,0,0,1,0,1,0,0
692,0,0,0,2014_90001,0,0,0,0,0,0,0,0,0,0,1,0,0,0,0,0
693,0,0,0,2016_90001,0,0,0,1,0,0,0,0,0,0,0,0,0,0,0,0
694,0,0,0,2017_90001,0,0,0,1,0,0,0,0,0,0,0,0,0,0,0,0
695,0,0,0,2015_90037,0,0,0,0,0,0,0,1,0,0,0,0,0,0,0,0
696,0,0,1,2014_92703,0,0,0,1,0,0,0,0,0,0,0,0,0,0,0,0
697,1,1,1,2016_92703,0,0,0,1,0,0,0,0,0,0,0,0,0,0,0,0
698,0,0,1,2017_92703,0,0,0,1,0,0,0,0,0,0,0,0,0,0,0,0
699,0,1,1,2013_93612,0,0,0,0,0,1,0,0,0,0,0,0,0,0,0,0
700,0,0,0,2014_93612,0,0,0,0,0,1,0,0,0,0,0,0,0,0,0,0
701,0,0,0,2015_93612,0,0,0,0,0,1,0,0,0,0,0,0,0,0,0,0
702,1,1,1,2016_93612,0,0,0,0,0,1,0,0,0,0,0,0,0,0,0,0
703,0,0,1,2017_93612,0,0,0,0,0,1,0,0,0,0,0,0,0,0,0,0
704,0,0,0,2013_95966,0,0,0,0,1,0,0,0,0,0,0,0,0,0,0,0
705,0,0,0,2014_95966,0,0,0,0,1,0,0,0,0,0,0,0,0,0,0,0
706,0,0,0,2015_95966,0,0,0,0,1,0,0,0,0,0,0,0,0,0,0,0
707,1,1,1,2016_95966,0,0,0,0,1,0,0,0,0,0,0,0,0,0,0,0
708,0,0,1,2017_95966,0,0,0,0,1,0,0,0,0,0,0,0,0,0,0,0